image,image_path,xmin,ymin,xmax,ymax,label,confidence,x_size,y_size
20200415_150211.jpg,/local/tmp.11651167/TrainYourOwnYOLO/Data/Source_Images/Test_Images/20200415_150211.jpg,1252,1330,1517,2507,20,0.7191656827926636,3024,3024
20200415_150211.jpg,/local/tmp.11651167/TrainYourOwnYOLO/Data/Source_Images/Test_Images/20200415_150211.jpg,1694,2219,2099,2507,19,0.9326015710830688,3024,3024
20200415_150211.jpg,/local/tmp.11651167/TrainYourOwnYOLO/Data/Source_Images/Test_Images/20200415_150211.jpg,1834,877,1900,1296,18,0.32969990372657776,3024,3024
20200415_150211.jpg,/local/tmp.11651167/TrainYourOwnYOLO/Data/Source_Images/Test_Images/20200415_150211.jpg,2422,580,2499,910,18,0.5123990774154663,3024,3024
20200415_150211.jpg,/local/tmp.11651167/TrainYourOwnYOLO/Data/Source_Images/Test_Images/20200415_150211.jpg,2244,2342,2489,2437,18,0.5179609656333923,3024,3024
20200415_150211.jpg,/local/tmp.11651167/TrainYourOwnYOLO/Data/Source_Images/Test_Images/20200415_150211.jpg,2233,1239,2619,1331,18,0.659572184085846,3024,3024
20200415_150211.jpg,/local/tmp.11651167/TrainYourOwnYOLO/Data/Source_Images/Test_Images/20200415_150211.jpg,2236,1592,2583,1681,18,0.7747053503990173,3024,3024
20200415_150211.jpg,/local/tmp.11651167/TrainYourOwnYOLO/Data/Source_Images/Test_Images/20200415_150211.jpg,2138,627,2222,972,18,0.7883648872375488,3024,3024
20200415_150211.jpg,/local/tmp.11651167/TrainYourOwnYOLO/Data/Source_Images/Test_Images/20200415_150211.jpg,330,525,523,713,17,0.5256984233856201,3024,3024
20200415_150211.jpg,/local/tmp.11651167/TrainYourOwnYOLO/Data/Source_Images/Test_Images/20200415_150211.jpg,797,1728,987,1885,16,0.2655571699142456,3024,3024
20200415_150211.jpg,/local/tmp.11651167/TrainYourOwnYOLO/Data/Source_Images/Test_Images/20200415_150211.jpg,803,2461,1029,2623,16,0.3387698829174042,3024,3024
20200415_150211.jpg,/local/tmp.11651167/TrainYourOwnYOLO/Data/Source_Images/Test_Images/20200415_150211.jpg,788,1362,993,1553,15,0.3245803117752075,3024,3024
20200415_150211.jpg,/local/tmp.11651167/TrainYourOwnYOLO/Data/Source_Images/Test_Images/20200415_150211.jpg,822,2119,1011,2292,15,0.4297677278518677,3024,3024
20200415_150211.jpg,/local/tmp.11651167/TrainYourOwnYOLO/Data/Source_Images/Test_Images/20200415_150211.jpg,1205,591,1545,903,14,0.4616498053073883,3024,3024
20200415_150211.jpg,/local/tmp.11651167/TrainYourOwnYOLO/Data/Source_Images/Test_Images/20200415_150211.jpg,331,807,496,1040,13,0.25506171584129333,3024,3024
20200415_150211.jpg,/local/tmp.11651167/TrainYourOwnYOLO/Data/Source_Images/Test_Images/20200415_150211.jpg,805,781,986,1022,13,0.3145836293697357,3024,3024
20200415_150211.jpg,/local/tmp.11651167/TrainYourOwnYOLO/Data/Source_Images/Test_Images/20200415_150211.jpg,393,1664,471,2020,12,0.7054914832115173,3024,3024
20200415_150211.jpg,/local/tmp.11651167/TrainYourOwnYOLO/Data/Source_Images/Test_Images/20200415_150211.jpg,797,1728,987,1885,11,0.40879374742507935,3024,3024
20200415_150211.jpg,/local/tmp.11651167/TrainYourOwnYOLO/Data/Source_Images/Test_Images/20200415_150211.jpg,803,2461,1029,2623,11,0.4164140820503235,3024,3024
20200415_150211.jpg,/local/tmp.11651167/TrainYourOwnYOLO/Data/Source_Images/Test_Images/20200415_150211.jpg,276,2242,569,2320,10,0.37783604860305786,3024,3024
20200415_150211.jpg,/local/tmp.11651167/TrainYourOwnYOLO/Data/Source_Images/Test_Images/20200415_150211.jpg,260,2529,566,2635,10,0.38430556654930115,3024,3024
20200415_150211.jpg,/local/tmp.11651167/TrainYourOwnYOLO/Data/Source_Images/Test_Images/20200415_150211.jpg,330,525,523,713,9,0.4230801463127136,3024,3024
20200415_150211.jpg,/local/tmp.11651167/TrainYourOwnYOLO/Data/Source_Images/Test_Images/20200415_150211.jpg,805,781,986,1022,8,0.2621553838253021,3024,3024
20200415_150211.jpg,/local/tmp.11651167/TrainYourOwnYOLO/Data/Source_Images/Test_Images/20200415_150211.jpg,788,1362,993,1553,8,0.26927492022514343,3024,3024
20200415_150211.jpg,/local/tmp.11651167/TrainYourOwnYOLO/Data/Source_Images/Test_Images/20200415_150211.jpg,797,1728,987,1885,8,0.2760002613067627,3024,3024
20200415_150211.jpg,/local/tmp.11651167/TrainYourOwnYOLO/Data/Source_Images/Test_Images/20200415_150211.jpg,803,2461,1029,2623,8,0.27613043785095215,3024,3024
20200415_150211.jpg,/local/tmp.11651167/TrainYourOwnYOLO/Data/Source_Images/Test_Images/20200415_150211.jpg,822,2119,1011,2292,8,0.3280254602432251,3024,3024
20200415_150211.jpg,/local/tmp.11651167/TrainYourOwnYOLO/Data/Source_Images/Test_Images/20200415_150211.jpg,331,512,511,720,8,0.5131767988204956,3024,3024
20200415_150211.jpg,/local/tmp.11651167/TrainYourOwnYOLO/Data/Source_Images/Test_Images/20200415_150211.jpg,397,1237,494,1570,7,0.83763188123703,3024,3024
20200415_150211.jpg,/local/tmp.11651167/TrainYourOwnYOLO/Data/Source_Images/Test_Images/20200415_150211.jpg,822,2119,1011,2292,6,0.3351946771144867,3024,3024
20200415_150211.jpg,/local/tmp.11651167/TrainYourOwnYOLO/Data/Source_Images/Test_Images/20200415_150211.jpg,788,1362,993,1553,6,0.4030725061893463,3024,3024
20200415_150211.jpg,/local/tmp.11651167/TrainYourOwnYOLO/Data/Source_Images/Test_Images/20200415_150211.jpg,276,2242,569,2320,5,0.3356766700744629,3024,3024
20200415_150211.jpg,/local/tmp.11651167/TrainYourOwnYOLO/Data/Source_Images/Test_Images/20200415_150211.jpg,260,2529,566,2635,5,0.3417373597621918,3024,3024
20200415_150211.jpg,/local/tmp.11651167/TrainYourOwnYOLO/Data/Source_Images/Test_Images/20200415_150211.jpg,805,781,986,1022,4,0.35690927505493164,3024,3024
20200415_150211.jpg,/local/tmp.11651167/TrainYourOwnYOLO/Data/Source_Images/Test_Images/20200415_150211.jpg,822,2119,1011,2292,3,0.25579848885536194,3024,3024
20200415_150211.jpg,/local/tmp.11651167/TrainYourOwnYOLO/Data/Source_Images/Test_Images/20200415_150211.jpg,788,1362,993,1553,3,0.35928118228912354,3024,3024
20200415_150211.jpg,/local/tmp.11651167/TrainYourOwnYOLO/Data/Source_Images/Test_Images/20200415_150211.jpg,796,1721,980,1876,3,0.3654019832611084,3024,3024
20200415_150211.jpg,/local/tmp.11651167/TrainYourOwnYOLO/Data/Source_Images/Test_Images/20200415_150211.jpg,331,512,511,720,3,0.41569894552230835,3024,3024
20200415_150211.jpg,/local/tmp.11651167/TrainYourOwnYOLO/Data/Source_Images/Test_Images/20200415_150211.jpg,803,2461,1029,2623,3,0.4335404634475708,3024,3024
IMG_20200331_123304.jpg,/local/tmp.11651167/TrainYourOwnYOLO/Data/Source_Images/Test_Images/IMG_20200331_123304.jpg,630,317,730,1049,20,0.9572345018386841,1600,1200
IMG_20200331_123304.jpg,/local/tmp.11651167/TrainYourOwnYOLO/Data/Source_Images/Test_Images/IMG_20200331_123304.jpg,722,242,888,442,19,0.9674631953239441,1600,1200
IMG_20200331_123304.jpg,/local/tmp.11651167/TrainYourOwnYOLO/Data/Source_Images/Test_Images/IMG_20200331_123304.jpg,880,179,973,566,18,0.9367692470550537,1600,1200
IMG_20200331_123304.jpg,/local/tmp.11651167/TrainYourOwnYOLO/Data/Source_Images/Test_Images/IMG_20200331_123304.jpg,482,998,908,1091,18,0.9636629819869995,1600,1200
IMG_20200331_123304.jpg,/local/tmp.11651167/TrainYourOwnYOLO/Data/Source_Images/Test_Images/IMG_20200331_123304.jpg,520,325,620,511,17,0.3791414499282837,1600,1200
IMG_20200331_123304.jpg,/local/tmp.11651167/TrainYourOwnYOLO/Data/Source_Images/Test_Images/IMG_20200331_123304.jpg,724,560,830,744,14,0.5459273457527161,1600,1200
IMG_20200331_123304.jpg,/local/tmp.11651167/TrainYourOwnYOLO/Data/Source_Images/Test_Images/IMG_20200331_123304.jpg,714,800,834,944,14,0.7375425696372986,1600,1200
IMG_20200331_123304.jpg,/local/tmp.11651167/TrainYourOwnYOLO/Data/Source_Images/Test_Images/IMG_20200331_123304.jpg,498,775,615,940,13,0.42156246304512024,1600,1200
IMG_20200331_123304.jpg,/local/tmp.11651167/TrainYourOwnYOLO/Data/Source_Images/Test_Images/IMG_20200331_123304.jpg,645,20,713,328,12,0.9454861879348755,1600,1200
IMG_20200331_123304.jpg,/local/tmp.11651167/TrainYourOwnYOLO/Data/Source_Images/Test_Images/IMG_20200331_123304.jpg,407,604,644,674,10,0.4179701805114746,1600,1200
IMG_20200331_123304.jpg,/local/tmp.11651167/TrainYourOwnYOLO/Data/Source_Images/Test_Images/IMG_20200331_123304.jpg,513,323,619,499,9,0.45540037751197815,1600,1200
IMG_20200331_123304.jpg,/local/tmp.11651167/TrainYourOwnYOLO/Data/Source_Images/Test_Images/IMG_20200331_123304.jpg,513,323,619,499,8,0.654901921749115,1600,1200
IMG_20200331_123304.jpg,/local/tmp.11651167/TrainYourOwnYOLO/Data/Source_Images/Test_Images/IMG_20200331_123304.jpg,407,604,644,674,5,0.558513879776001,1600,1200
IMG_20200331_123304.jpg,/local/tmp.11651167/TrainYourOwnYOLO/Data/Source_Images/Test_Images/IMG_20200331_123304.jpg,498,775,615,940,4,0.4217490553855896,1600,1200
IMG_20200331_123304.jpg,/local/tmp.11651167/TrainYourOwnYOLO/Data/Source_Images/Test_Images/IMG_20200331_123304.jpg,498,775,615,940,3,0.28344589471817017,1600,1200
IMG_20200331_123304.jpg,/local/tmp.11651167/TrainYourOwnYOLO/Data/Source_Images/Test_Images/IMG_20200331_123304.jpg,520,325,620,511,3,0.4582763910293579,1600,1200
IMG_20200331_123243.jpg,/local/tmp.11651167/TrainYourOwnYOLO/Data/Source_Images/Test_Images/IMG_20200331_123243.jpg,783,241,878,973,20,0.8279847502708435,1600,1200
IMG_20200331_123243.jpg,/local/tmp.11651167/TrainYourOwnYOLO/Data/Source_Images/Test_Images/IMG_20200331_123243.jpg,637,924,1031,1053,18,0.9352080225944519,1600,1200
IMG_20200331_123243.jpg,/local/tmp.11651167/TrainYourOwnYOLO/Data/Source_Images/Test_Images/IMG_20200331_123243.jpg,899,210,1001,381,17,0.3263925611972809,1600,1200
IMG_20200331_123243.jpg,/local/tmp.11651167/TrainYourOwnYOLO/Data/Source_Images/Test_Images/IMG_20200331_123243.jpg,888,483,1011,656,17,0.536419153213501,1600,1200
IMG_20200331_123243.jpg,/local/tmp.11651167/TrainYourOwnYOLO/Data/Source_Images/Test_Images/IMG_20200331_123243.jpg,679,203,786,367,14,0.3379465937614441,1600,1200
IMG_20200331_123243.jpg,/local/tmp.11651167/TrainYourOwnYOLO/Data/Source_Images/Test_Images/IMG_20200331_123243.jpg,896,708,1012,868,13,0.2854025959968567,1600,1200
IMG_20200331_123243.jpg,/local/tmp.11651167/TrainYourOwnYOLO/Data/Source_Images/Test_Images/IMG_20200331_123243.jpg,586,457,812,528,10,0.5164538025856018,1600,1200
IMG_20200331_123243.jpg,/local/tmp.11651167/TrainYourOwnYOLO/Data/Source_Images/Test_Images/IMG_20200331_123243.jpg,604,666,789,741,10,0.7202490568161011,1600,1200
IMG_20200331_123243.jpg,/local/tmp.11651167/TrainYourOwnYOLO/Data/Source_Images/Test_Images/IMG_20200331_123243.jpg,899,210,1001,381,9,0.3703301250934601,1600,1200
IMG_20200331_123243.jpg,/local/tmp.11651167/TrainYourOwnYOLO/Data/Source_Images/Test_Images/IMG_20200331_123243.jpg,888,483,1011,656,9,0.4009879529476166,1600,1200
IMG_20200331_123243.jpg,/local/tmp.11651167/TrainYourOwnYOLO/Data/Source_Images/Test_Images/IMG_20200331_123243.jpg,888,483,1011,656,8,0.3368038535118103,1600,1200
IMG_20200331_123243.jpg,/local/tmp.11651167/TrainYourOwnYOLO/Data/Source_Images/Test_Images/IMG_20200331_123243.jpg,899,210,1001,381,8,0.45996394753456116,1600,1200
IMG_20200331_123243.jpg,/local/tmp.11651167/TrainYourOwnYOLO/Data/Source_Images/Test_Images/IMG_20200331_123243.jpg,604,666,789,741,5,0.4123277962207794,1600,1200
IMG_20200331_123243.jpg,/local/tmp.11651167/TrainYourOwnYOLO/Data/Source_Images/Test_Images/IMG_20200331_123243.jpg,586,457,812,528,5,0.6063389778137207,1600,1200
IMG_20200331_123243.jpg,/local/tmp.11651167/TrainYourOwnYOLO/Data/Source_Images/Test_Images/IMG_20200331_123243.jpg,891,710,1007,848,4,0.2840183675289154,1600,1200
IMG_20200331_123243.jpg,/local/tmp.11651167/TrainYourOwnYOLO/Data/Source_Images/Test_Images/IMG_20200331_123243.jpg,891,710,1007,848,3,0.25236067175865173,1600,1200
IMG_20200331_123243.jpg,/local/tmp.11651167/TrainYourOwnYOLO/Data/Source_Images/Test_Images/IMG_20200331_123243.jpg,899,210,1001,381,3,0.467418909072876,1600,1200
IMG_20200331_123243.jpg,/local/tmp.11651167/TrainYourOwnYOLO/Data/Source_Images/Test_Images/IMG_20200331_123243.jpg,888,483,1011,656,3,0.5299236178398132,1600,1200
20200415_150631.jpg,/local/tmp.11651167/TrainYourOwnYOLO/Data/Source_Images/Test_Images/20200415_150631.jpg,2519,1414,2629,2164,20,0.3756829798221588,3024,3024
20200415_150631.jpg,/local/tmp.11651167/TrainYourOwnYOLO/Data/Source_Images/Test_Images/20200415_150631.jpg,493,1456,622,2079,20,0.4044207036495209,3024,3024
20200415_150631.jpg,/local/tmp.11651167/TrainYourOwnYOLO/Data/Source_Images/Test_Images/20200415_150631.jpg,687,1917,879,2045,19,0.41527611017227173,3024,3024
20200415_150631.jpg,/local/tmp.11651167/TrainYourOwnYOLO/Data/Source_Images/Test_Images/20200415_150631.jpg,2628,1471,2827,1614,19,0.8697840571403503,3024,3024
20200415_150631.jpg,/local/tmp.11651167/TrainYourOwnYOLO/Data/Source_Images/Test_Images/20200415_150631.jpg,942,1617,1128,1662,18,0.30930712819099426,3024,3024
20200415_150631.jpg,/local/tmp.11651167/TrainYourOwnYOLO/Data/Source_Images/Test_Images/20200415_150631.jpg,767,1237,809,1478,18,0.31983134150505066,3024,3024
20200415_150631.jpg,/local/tmp.11651167/TrainYourOwnYOLO/Data/Source_Images/Test_Images/20200415_150631.jpg,760,1609,806,1815,18,0.35402151942253113,3024,3024
20200415_150631.jpg,/local/tmp.11651167/TrainYourOwnYOLO/Data/Source_Images/Test_Images/20200415_150631.jpg,2720,1970,2767,2154,18,0.36630818247795105,3024,3024
20200415_150631.jpg,/local/tmp.11651167/TrainYourOwnYOLO/Data/Source_Images/Test_Images/20200415_150631.jpg,924,1130,969,1333,18,0.4466473460197449,3024,3024
20200415_150631.jpg,/local/tmp.11651167/TrainYourOwnYOLO/Data/Source_Images/Test_Images/20200415_150631.jpg,1626,1408,1775,1558,14,0.2655884623527527,3024,3024
20200415_150631.jpg,/local/tmp.11651167/TrainYourOwnYOLO/Data/Source_Images/Test_Images/20200415_150631.jpg,2630,1975,2753,2145,14,0.46556222438812256,3024,3024
20200415_150631.jpg,/local/tmp.11651167/TrainYourOwnYOLO/Data/Source_Images/Test_Images/20200415_150631.jpg,1601,1970,1730,2130,14,0.6478472352027893,3024,3024
20200415_150631.jpg,/local/tmp.11651167/TrainYourOwnYOLO/Data/Source_Images/Test_Images/20200415_150631.jpg,497,1134,632,1291,14,0.7619221210479736,3024,3024
20200415_150631.jpg,/local/tmp.11651167/TrainYourOwnYOLO/Data/Source_Images/Test_Images/20200415_150631.jpg,118,1615,158,1797,12,0.2833682894706726,3024,3024
20200415_150631.jpg,/local/tmp.11651167/TrainYourOwnYOLO/Data/Source_Images/Test_Images/20200415_150631.jpg,1400,1508,1541,1556,10,0.27358758449554443,3024,3024
20200415_150631.jpg,/local/tmp.11651167/TrainYourOwnYOLO/Data/Source_Images/Test_Images/20200415_150631.jpg,1424,1658,1516,1726,8,0.2849038243293762,3024,3024
20200415_150631.jpg,/local/tmp.11651167/TrainYourOwnYOLO/Data/Source_Images/Test_Images/20200415_150631.jpg,1436,1869,1509,1936,8,0.29627832770347595,3024,3024
20200415_150631.jpg,/local/tmp.11651167/TrainYourOwnYOLO/Data/Source_Images/Test_Images/20200415_150631.jpg,309,1072,405,1188,8,0.32496216893196106,3024,3024
20200415_150631.jpg,/local/tmp.11651167/TrainYourOwnYOLO/Data/Source_Images/Test_Images/20200415_150631.jpg,90,1096,172,1199,8,0.33084115386009216,3024,3024
20200415_150631.jpg,/local/tmp.11651167/TrainYourOwnYOLO/Data/Source_Images/Test_Images/20200415_150631.jpg,1537,1266,1642,1378,8,0.36905428767204285,3024,3024
20200415_150631.jpg,/local/tmp.11651167/TrainYourOwnYOLO/Data/Source_Images/Test_Images/20200415_150631.jpg,112,1419,163,1617,7,0.3570924401283264,3024,3024
20200415_150631.jpg,/local/tmp.11651167/TrainYourOwnYOLO/Data/Source_Images/Test_Images/20200415_150631.jpg,1537,1266,1642,1378,3,0.25713005661964417,3024,3024
20200415_150631.jpg,/local/tmp.11651167/TrainYourOwnYOLO/Data/Source_Images/Test_Images/20200415_150631.jpg,309,1072,405,1188,3,0.2598741054534912,3024,3024
20200415_150631.jpg,/local/tmp.11651167/TrainYourOwnYOLO/Data/Source_Images/Test_Images/20200415_150631.jpg,2235,1601,2510,1712,2,0.2704090178012848,3024,3024
20200415_150631.jpg,/local/tmp.11651167/TrainYourOwnYOLO/Data/Source_Images/Test_Images/20200415_150631.jpg,2291,1846,2523,1916,2,0.41133153438568115,3024,3024
IMG_20200331_123342.jpg,/local/tmp.11651167/TrainYourOwnYOLO/Data/Source_Images/Test_Images/IMG_20200331_123342.jpg,679,253,811,1026,20,0.9417315125465393,1600,1200
IMG_20200331_123342.jpg,/local/tmp.11651167/TrainYourOwnYOLO/Data/Source_Images/Test_Images/IMG_20200331_123342.jpg,621,99,808,294,19,0.9593077898025513,1600,1200
IMG_20200331_123342.jpg,/local/tmp.11651167/TrainYourOwnYOLO/Data/Source_Images/Test_Images/IMG_20200331_123342.jpg,560,1026,1008,1126,18,0.9511439204216003,1600,1200
IMG_20200331_123342.jpg,/local/tmp.11651167/TrainYourOwnYOLO/Data/Source_Images/Test_Images/IMG_20200331_123342.jpg,552,564,684,738,17,0.5267279744148254,1600,1200
IMG_20200331_123342.jpg,/local/tmp.11651167/TrainYourOwnYOLO/Data/Source_Images/Test_Images/IMG_20200331_123342.jpg,538,294,648,438,13,0.3114357888698578,1600,1200
IMG_20200331_123342.jpg,/local/tmp.11651167/TrainYourOwnYOLO/Data/Source_Images/Test_Images/IMG_20200331_123342.jpg,564,813,684,970,13,0.5345445275306702,1600,1200
IMG_20200331_123342.jpg,/local/tmp.11651167/TrainYourOwnYOLO/Data/Source_Images/Test_Images/IMG_20200331_123342.jpg,795,271,906,424,13,0.5484645962715149,1600,1200
IMG_20200331_123342.jpg,/local/tmp.11651167/TrainYourOwnYOLO/Data/Source_Images/Test_Images/IMG_20200331_123342.jpg,788,665,1016,752,10,0.3970707356929779,1600,1200
IMG_20200331_123342.jpg,/local/tmp.11651167/TrainYourOwnYOLO/Data/Source_Images/Test_Images/IMG_20200331_123342.jpg,783,504,1037,587,10,0.42228180170059204,1600,1200
IMG_20200331_123342.jpg,/local/tmp.11651167/TrainYourOwnYOLO/Data/Source_Images/Test_Images/IMG_20200331_123342.jpg,800,880,1033,941,10,0.4392252564430237,1600,1200
IMG_20200331_123342.jpg,/local/tmp.11651167/TrainYourOwnYOLO/Data/Source_Images/Test_Images/IMG_20200331_123342.jpg,547,576,677,728,9,0.303093284368515,1600,1200
IMG_20200331_123342.jpg,/local/tmp.11651167/TrainYourOwnYOLO/Data/Source_Images/Test_Images/IMG_20200331_123342.jpg,538,294,648,438,8,0.3135004937648773,1600,1200
IMG_20200331_123342.jpg,/local/tmp.11651167/TrainYourOwnYOLO/Data/Source_Images/Test_Images/IMG_20200331_123342.jpg,795,271,906,424,8,0.4005815386772156,1600,1200
IMG_20200331_123342.jpg,/local/tmp.11651167/TrainYourOwnYOLO/Data/Source_Images/Test_Images/IMG_20200331_123342.jpg,564,813,684,970,8,0.47173207998275757,1600,1200
IMG_20200331_123342.jpg,/local/tmp.11651167/TrainYourOwnYOLO/Data/Source_Images/Test_Images/IMG_20200331_123342.jpg,547,576,677,728,8,0.48126327991485596,1600,1200
IMG_20200331_123342.jpg,/local/tmp.11651167/TrainYourOwnYOLO/Data/Source_Images/Test_Images/IMG_20200331_123342.jpg,783,504,1037,587,5,0.42084231972694397,1600,1200
IMG_20200331_123342.jpg,/local/tmp.11651167/TrainYourOwnYOLO/Data/Source_Images/Test_Images/IMG_20200331_123342.jpg,793,871,1044,940,5,0.42335939407348633,1600,1200
IMG_20200331_123342.jpg,/local/tmp.11651167/TrainYourOwnYOLO/Data/Source_Images/Test_Images/IMG_20200331_123342.jpg,788,665,1016,752,5,0.45320382714271545,1600,1200
IMG_20200331_123342.jpg,/local/tmp.11651167/TrainYourOwnYOLO/Data/Source_Images/Test_Images/IMG_20200331_123342.jpg,538,294,648,438,4,0.2773439884185791,1600,1200
IMG_20200331_123342.jpg,/local/tmp.11651167/TrainYourOwnYOLO/Data/Source_Images/Test_Images/IMG_20200331_123342.jpg,564,813,684,970,3,0.29357725381851196,1600,1200
IMG_20200331_123342.jpg,/local/tmp.11651167/TrainYourOwnYOLO/Data/Source_Images/Test_Images/IMG_20200331_123342.jpg,538,294,648,438,3,0.3021760880947113,1600,1200
IMG_20200331_123342.jpg,/local/tmp.11651167/TrainYourOwnYOLO/Data/Source_Images/Test_Images/IMG_20200331_123342.jpg,797,280,911,434,3,0.32168635725975037,1600,1200
IMG_20200331_123342.jpg,/local/tmp.11651167/TrainYourOwnYOLO/Data/Source_Images/Test_Images/IMG_20200331_123342.jpg,547,576,677,728,3,0.4832755923271179,1600,1200
IMG_20200331_123337.jpg,/local/tmp.11651167/TrainYourOwnYOLO/Data/Source_Images/Test_Images/IMG_20200331_123337.jpg,579,248,680,1103,20,0.9603581428527832,1600,1200
IMG_20200331_123337.jpg,/local/tmp.11651167/TrainYourOwnYOLO/Data/Source_Images/Test_Images/IMG_20200331_123337.jpg,664,505,826,637,19,0.6164987087249756,1600,1200
IMG_20200331_123337.jpg,/local/tmp.11651167/TrainYourOwnYOLO/Data/Source_Images/Test_Images/IMG_20200331_123337.jpg,660,964,826,1113,19,0.9556545615196228,1600,1200
IMG_20200331_123337.jpg,/local/tmp.11651167/TrainYourOwnYOLO/Data/Source_Images/Test_Images/IMG_20200331_123337.jpg,425,159,885,278,18,0.9699023365974426,1600,1200
IMG_20200331_123337.jpg,/local/tmp.11651167/TrainYourOwnYOLO/Data/Source_Images/Test_Images/IMG_20200331_123337.jpg,668,717,784,862,14,0.8305405974388123,1600,1200
IMG_20200331_123337.jpg,/local/tmp.11651167/TrainYourOwnYOLO/Data/Source_Images/Test_Images/IMG_20200331_123337.jpg,660,313,792,458,14,0.9652714133262634,1600,1200
IMG_20200331_123337.jpg,/local/tmp.11651167/TrainYourOwnYOLO/Data/Source_Images/Test_Images/IMG_20200331_123337.jpg,301,1032,592,1094,10,0.3730175793170929,1600,1200
IMG_20200331_123337.jpg,/local/tmp.11651167/TrainYourOwnYOLO/Data/Source_Images/Test_Images/IMG_20200331_123337.jpg,313,736,598,802,10,0.39715468883514404,1600,1200
IMG_20200331_123337.jpg,/local/tmp.11651167/TrainYourOwnYOLO/Data/Source_Images/Test_Images/IMG_20200331_123337.jpg,303,535,605,610,10,0.40856969356536865,1600,1200
IMG_20200331_123337.jpg,/local/tmp.11651167/TrainYourOwnYOLO/Data/Source_Images/Test_Images/IMG_20200331_123337.jpg,323,876,587,948,10,0.5093970894813538,1600,1200
IMG_20200331_123337.jpg,/local/tmp.11651167/TrainYourOwnYOLO/Data/Source_Images/Test_Images/IMG_20200331_123337.jpg,356,387,602,450,10,0.5314612984657288,1600,1200
IMG_20200331_123337.jpg,/local/tmp.11651167/TrainYourOwnYOLO/Data/Source_Images/Test_Images/IMG_20200331_123337.jpg,303,535,605,610,5,0.4491201937198639,1600,1200
IMG_20200331_123337.jpg,/local/tmp.11651167/TrainYourOwnYOLO/Data/Source_Images/Test_Images/IMG_20200331_123337.jpg,323,876,587,948,5,0.5278035998344421,1600,1200
IMG_20200331_123337.jpg,/local/tmp.11651167/TrainYourOwnYOLO/Data/Source_Images/Test_Images/IMG_20200331_123337.jpg,304,1029,595,1088,5,0.5708771347999573,1600,1200
IMG_20200331_123337.jpg,/local/tmp.11651167/TrainYourOwnYOLO/Data/Source_Images/Test_Images/IMG_20200331_123337.jpg,353,385,608,442,5,0.6393077969551086,1600,1200
IMG_20200331_123337.jpg,/local/tmp.11651167/TrainYourOwnYOLO/Data/Source_Images/Test_Images/IMG_20200331_123337.jpg,313,736,598,802,5,0.6447977423667908,1600,1200
20200415_150225.jpg,/local/tmp.11651167/TrainYourOwnYOLO/Data/Source_Images/Test_Images/20200415_150225.jpg,535,1820,810,2202,19,0.9369827508926392,3024,3024
20200415_150225.jpg,/local/tmp.11651167/TrainYourOwnYOLO/Data/Source_Images/Test_Images/20200415_150225.jpg,2075,2553,2556,2660,18,0.3772396743297577,3024,3024
20200415_150225.jpg,/local/tmp.11651167/TrainYourOwnYOLO/Data/Source_Images/Test_Images/20200415_150225.jpg,616,2353,689,2631,18,0.4954642057418823,3024,3024
20200415_150225.jpg,/local/tmp.11651167/TrainYourOwnYOLO/Data/Source_Images/Test_Images/20200415_150225.jpg,1736,2401,1828,2745,18,0.4988569915294647,3024,3024
20200415_150225.jpg,/local/tmp.11651167/TrainYourOwnYOLO/Data/Source_Images/Test_Images/20200415_150225.jpg,970,2381,1051,2670,18,0.6451478004455566,3024,3024
20200415_150225.jpg,/local/tmp.11651167/TrainYourOwnYOLO/Data/Source_Images/Test_Images/20200415_150225.jpg,2049,2286,2519,2376,18,0.6949287056922913,3024,3024
20200415_150225.jpg,/local/tmp.11651167/TrainYourOwnYOLO/Data/Source_Images/Test_Images/20200415_150225.jpg,1373,2368,1458,2716,18,0.7251232266426086,3024,3024
20200415_150225.jpg,/local/tmp.11651167/TrainYourOwnYOLO/Data/Source_Images/Test_Images/20200415_150225.jpg,1734,1946,2278,2032,18,0.7971965670585632,3024,3024
20200415_150225.jpg,/local/tmp.11651167/TrainYourOwnYOLO/Data/Source_Images/Test_Images/20200415_150225.jpg,995,1944,1505,2039,18,0.8276019096374512,3024,3024
20200415_150225.jpg,/local/tmp.11651167/TrainYourOwnYOLO/Data/Source_Images/Test_Images/20200415_150225.jpg,417,908,600,1146,17,0.3782690167427063,3024,3024
20200415_150225.jpg,/local/tmp.11651167/TrainYourOwnYOLO/Data/Source_Images/Test_Images/20200415_150225.jpg,737,920,934,1114,17,0.5464177131652832,3024,3024
20200415_150225.jpg,/local/tmp.11651167/TrainYourOwnYOLO/Data/Source_Images/Test_Images/20200415_150225.jpg,2050,899,2311,1072,16,0.33884838223457336,3024,3024
20200415_150225.jpg,/local/tmp.11651167/TrainYourOwnYOLO/Data/Source_Images/Test_Images/20200415_150225.jpg,2391,928,2628,1117,16,0.4199276864528656,3024,3024
20200415_150225.jpg,/local/tmp.11651167/TrainYourOwnYOLO/Data/Source_Images/Test_Images/20200415_150225.jpg,2370,429,2562,583,15,0.3380933701992035,3024,3024
20200415_150225.jpg,/local/tmp.11651167/TrainYourOwnYOLO/Data/Source_Images/Test_Images/20200415_150225.jpg,2039,402,2291,583,15,0.3548475205898285,3024,3024
20200415_150225.jpg,/local/tmp.11651167/TrainYourOwnYOLO/Data/Source_Images/Test_Images/20200415_150225.jpg,2152,1327,2522,1641,14,0.8429177403450012,3024,3024
20200415_150225.jpg,/local/tmp.11651167/TrainYourOwnYOLO/Data/Source_Images/Test_Images/20200415_150225.jpg,732,354,802,669,12,0.8671812415122986,3024,3024
20200415_150225.jpg,/local/tmp.11651167/TrainYourOwnYOLO/Data/Source_Images/Test_Images/20200415_150225.jpg,2391,928,2628,1117,11,0.5099045634269714,3024,3024
20200415_150225.jpg,/local/tmp.11651167/TrainYourOwnYOLO/Data/Source_Images/Test_Images/20200415_150225.jpg,2046,904,2312,1084,11,0.5218199491500854,3024,3024
20200415_150225.jpg,/local/tmp.11651167/TrainYourOwnYOLO/Data/Source_Images/Test_Images/20200415_150225.jpg,1008,476,1402,579,10,0.31261348724365234,3024,3024
20200415_150225.jpg,/local/tmp.11651167/TrainYourOwnYOLO/Data/Source_Images/Test_Images/20200415_150225.jpg,1503,470,1819,583,10,0.38443008065223694,3024,3024
20200415_150225.jpg,/local/tmp.11651167/TrainYourOwnYOLO/Data/Source_Images/Test_Images/20200415_150225.jpg,408,917,590,1124,9,0.3690107464790344,3024,3024
20200415_150225.jpg,/local/tmp.11651167/TrainYourOwnYOLO/Data/Source_Images/Test_Images/20200415_150225.jpg,737,920,934,1114,9,0.39341187477111816,3024,3024
20200415_150225.jpg,/local/tmp.11651167/TrainYourOwnYOLO/Data/Source_Images/Test_Images/20200415_150225.jpg,1505,862,1719,1097,8,0.2660282552242279,3024,3024
20200415_150225.jpg,/local/tmp.11651167/TrainYourOwnYOLO/Data/Source_Images/Test_Images/20200415_150225.jpg,2391,928,2628,1117,8,0.328778475522995,3024,3024
20200415_150225.jpg,/local/tmp.11651167/TrainYourOwnYOLO/Data/Source_Images/Test_Images/20200415_150225.jpg,2050,899,2311,1072,8,0.3289125859737396,3024,3024
20200415_150225.jpg,/local/tmp.11651167/TrainYourOwnYOLO/Data/Source_Images/Test_Images/20200415_150225.jpg,2039,402,2291,583,8,0.3465203642845154,3024,3024
20200415_150225.jpg,/local/tmp.11651167/TrainYourOwnYOLO/Data/Source_Images/Test_Images/20200415_150225.jpg,2370,429,2562,583,8,0.36088281869888306,3024,3024
20200415_150225.jpg,/local/tmp.11651167/TrainYourOwnYOLO/Data/Source_Images/Test_Images/20200415_150225.jpg,408,917,590,1124,8,0.37504732608795166,3024,3024
20200415_150225.jpg,/local/tmp.11651167/TrainYourOwnYOLO/Data/Source_Images/Test_Images/20200415_150225.jpg,740,916,948,1113,8,0.4169262945652008,3024,3024
20200415_150225.jpg,/local/tmp.11651167/TrainYourOwnYOLO/Data/Source_Images/Test_Images/20200415_150225.jpg,1167,886,1335,1085,8,0.4199146330356598,3024,3024
20200415_150225.jpg,/local/tmp.11651167/TrainYourOwnYOLO/Data/Source_Images/Test_Images/20200415_150225.jpg,423,328,517,674,7,0.8101089000701904,3024,3024
20200415_150225.jpg,/local/tmp.11651167/TrainYourOwnYOLO/Data/Source_Images/Test_Images/20200415_150225.jpg,2370,429,2562,583,6,0.2626258134841919,3024,3024
20200415_150225.jpg,/local/tmp.11651167/TrainYourOwnYOLO/Data/Source_Images/Test_Images/20200415_150225.jpg,2039,402,2291,583,6,0.33455297350883484,3024,3024
20200415_150225.jpg,/local/tmp.11651167/TrainYourOwnYOLO/Data/Source_Images/Test_Images/20200415_150225.jpg,1503,470,1819,583,5,0.424827516078949,3024,3024
20200415_150225.jpg,/local/tmp.11651167/TrainYourOwnYOLO/Data/Source_Images/Test_Images/20200415_150225.jpg,1173,894,1326,1095,4,0.34709006547927856,3024,3024
20200415_150225.jpg,/local/tmp.11651167/TrainYourOwnYOLO/Data/Source_Images/Test_Images/20200415_150225.jpg,1505,862,1719,1097,4,0.5550441145896912,3024,3024
20200415_150225.jpg,/local/tmp.11651167/TrainYourOwnYOLO/Data/Source_Images/Test_Images/20200415_150225.jpg,2370,429,2562,583,3,0.29097405076026917,3024,3024
20200415_150225.jpg,/local/tmp.11651167/TrainYourOwnYOLO/Data/Source_Images/Test_Images/20200415_150225.jpg,1505,862,1719,1097,3,0.3082498610019684,3024,3024
20200415_150225.jpg,/local/tmp.11651167/TrainYourOwnYOLO/Data/Source_Images/Test_Images/20200415_150225.jpg,408,917,590,1124,3,0.3175047039985657,3024,3024
20200415_150225.jpg,/local/tmp.11651167/TrainYourOwnYOLO/Data/Source_Images/Test_Images/20200415_150225.jpg,2039,402,2291,583,3,0.32148268818855286,3024,3024
20200415_150225.jpg,/local/tmp.11651167/TrainYourOwnYOLO/Data/Source_Images/Test_Images/20200415_150225.jpg,740,916,948,1113,3,0.4001654386520386,3024,3024
20200415_150225.jpg,/local/tmp.11651167/TrainYourOwnYOLO/Data/Source_Images/Test_Images/20200415_150225.jpg,1173,894,1326,1095,3,0.4500811994075775,3024,3024
20200415_150225.jpg,/local/tmp.11651167/TrainYourOwnYOLO/Data/Source_Images/Test_Images/20200415_150225.jpg,2391,928,2628,1117,3,0.45857852697372437,3024,3024
20200415_150225.jpg,/local/tmp.11651167/TrainYourOwnYOLO/Data/Source_Images/Test_Images/20200415_150225.jpg,2050,899,2311,1072,3,0.48683062195777893,3024,3024
IMG_20200331_123253.jpg,/local/tmp.11651167/TrainYourOwnYOLO/Data/Source_Images/Test_Images/IMG_20200331_123253.jpg,1093,337,1199,715,18,0.9152955412864685,1600,1200
IMG_20200331_123253.jpg,/local/tmp.11651167/TrainYourOwnYOLO/Data/Source_Images/Test_Images/IMG_20200331_123253.jpg,469,679,594,780,16,0.4605371952056885,1600,1200
IMG_20200331_123253.jpg,/local/tmp.11651167/TrainYourOwnYOLO/Data/Source_Images/Test_Images/IMG_20200331_123253.jpg,904,439,1049,562,14,0.7089000940322876,1600,1200
IMG_20200331_123253.jpg,/local/tmp.11651167/TrainYourOwnYOLO/Data/Source_Images/Test_Images/IMG_20200331_123253.jpg,679,471,804,595,14,0.9504536986351013,1600,1200
IMG_20200331_123253.jpg,/local/tmp.11651167/TrainYourOwnYOLO/Data/Source_Images/Test_Images/IMG_20200331_123253.jpg,661,645,829,742,14,0.9548826813697815,1600,1200
IMG_20200331_123253.jpg,/local/tmp.11651167/TrainYourOwnYOLO/Data/Source_Images/Test_Images/IMG_20200331_123253.jpg,903,635,1045,739,14,0.9822595715522766,1600,1200
IMG_20200331_123253.jpg,/local/tmp.11651167/TrainYourOwnYOLO/Data/Source_Images/Test_Images/IMG_20200331_123253.jpg,366,553,473,741,14,0.9834831357002258,1600,1200
IMG_20200331_123253.jpg,/local/tmp.11651167/TrainYourOwnYOLO/Data/Source_Images/Test_Images/IMG_20200331_123253.jpg,523,348,593,584,12,0.9824720621109009,1600,1200
IMG_20200331_123253.jpg,/local/tmp.11651167/TrainYourOwnYOLO/Data/Source_Images/Test_Images/IMG_20200331_123253.jpg,467,670,595,775,11,0.6069709062576294,1600,1200
IMG_20200331_123253.jpg,/local/tmp.11651167/TrainYourOwnYOLO/Data/Source_Images/Test_Images/IMG_20200331_123253.jpg,467,670,595,775,8,0.44805777072906494,1600,1200
IMG_20200331_123253.jpg,/local/tmp.11651167/TrainYourOwnYOLO/Data/Source_Images/Test_Images/IMG_20200331_123253.jpg,467,670,595,775,3,0.5830966234207153,1600,1200
IMG_20200331_123253.jpg,/local/tmp.11651167/TrainYourOwnYOLO/Data/Source_Images/Test_Images/IMG_20200331_123253.jpg,454,578,1095,651,2,0.9905810356140137,1600,1200
20200415_150248.jpg,/local/tmp.11651167/TrainYourOwnYOLO/Data/Source_Images/Test_Images/20200415_150248.jpg,482,1103,887,1531,19,0.9947962760925293,3024,3024
20200415_150248.jpg,/local/tmp.11651167/TrainYourOwnYOLO/Data/Source_Images/Test_Images/20200415_150248.jpg,2065,1167,2609,1267,18,0.5788356065750122,3024,3024
20200415_150248.jpg,/local/tmp.11651167/TrainYourOwnYOLO/Data/Source_Images/Test_Images/20200415_150248.jpg,506,997,950,1128,18,0.8875920176506042,3024,3024
20200415_150248.jpg,/local/tmp.11651167/TrainYourOwnYOLO/Data/Source_Images/Test_Images/20200415_150248.jpg,1223,1306,1407,1521,17,0.34126290678977966,3024,3024
20200415_150248.jpg,/local/tmp.11651167/TrainYourOwnYOLO/Data/Source_Images/Test_Images/20200415_150248.jpg,2221,1861,2459,2030,16,0.45467227697372437,3024,3024
20200415_150248.jpg,/local/tmp.11651167/TrainYourOwnYOLO/Data/Source_Images/Test_Images/20200415_150248.jpg,1720,1349,1906,1493,15,0.4603736102581024,3024,3024
20200415_150248.jpg,/local/tmp.11651167/TrainYourOwnYOLO/Data/Source_Images/Test_Images/20200415_150248.jpg,2067,1249,2529,1558,14,0.973251461982727,3024,3024
20200415_150248.jpg,/local/tmp.11651167/TrainYourOwnYOLO/Data/Source_Images/Test_Images/20200415_150248.jpg,940,1769,1045,2168,12,0.5579139590263367,3024,3024
20200415_150248.jpg,/local/tmp.11651167/TrainYourOwnYOLO/Data/Source_Images/Test_Images/20200415_150248.jpg,96,1526,403,1791,11,0.2887410819530487,3024,3024
20200415_150248.jpg,/local/tmp.11651167/TrainYourOwnYOLO/Data/Source_Images/Test_Images/20200415_150248.jpg,2221,1861,2459,2030,11,0.5148150324821472,3024,3024
20200415_150248.jpg,/local/tmp.11651167/TrainYourOwnYOLO/Data/Source_Images/Test_Images/20200415_150248.jpg,1222,1310,1402,1519,9,0.3320428729057312,3024,3024
20200415_150248.jpg,/local/tmp.11651167/TrainYourOwnYOLO/Data/Source_Images/Test_Images/20200415_150248.jpg,96,1526,403,1791,8,0.290258526802063,3024,3024
20200415_150248.jpg,/local/tmp.11651167/TrainYourOwnYOLO/Data/Source_Images/Test_Images/20200415_150248.jpg,1720,1349,1906,1493,8,0.4437936842441559,3024,3024
20200415_150248.jpg,/local/tmp.11651167/TrainYourOwnYOLO/Data/Source_Images/Test_Images/20200415_150248.jpg,2221,1861,2459,2030,8,0.44621187448501587,3024,3024
20200415_150248.jpg,/local/tmp.11651167/TrainYourOwnYOLO/Data/Source_Images/Test_Images/20200415_150248.jpg,1558,1849,1709,2006,8,0.4948388636112213,3024,3024
20200415_150248.jpg,/local/tmp.11651167/TrainYourOwnYOLO/Data/Source_Images/Test_Images/20200415_150248.jpg,1222,1310,1402,1519,8,0.5031788945198059,3024,3024
20200415_150248.jpg,/local/tmp.11651167/TrainYourOwnYOLO/Data/Source_Images/Test_Images/20200415_150248.jpg,1835,1854,1995,2033,8,0.5224796533584595,3024,3024
20200415_150248.jpg,/local/tmp.11651167/TrainYourOwnYOLO/Data/Source_Images/Test_Images/20200415_150248.jpg,1252,1886,1406,2086,8,0.6580491065979004,3024,3024
20200415_150248.jpg,/local/tmp.11651167/TrainYourOwnYOLO/Data/Source_Images/Test_Images/20200415_150248.jpg,761,1762,886,2211,7,0.6728358268737793,3024,3024
20200415_150248.jpg,/local/tmp.11651167/TrainYourOwnYOLO/Data/Source_Images/Test_Images/20200415_150248.jpg,1720,1349,1906,1493,6,0.5418258309364319,3024,3024
20200415_150248.jpg,/local/tmp.11651167/TrainYourOwnYOLO/Data/Source_Images/Test_Images/20200415_150248.jpg,96,1526,403,1791,3,0.293626993894577,3024,3024
20200415_150248.jpg,/local/tmp.11651167/TrainYourOwnYOLO/Data/Source_Images/Test_Images/20200415_150248.jpg,1222,1310,1402,1519,3,0.46447983384132385,3024,3024
20200415_150248.jpg,/local/tmp.11651167/TrainYourOwnYOLO/Data/Source_Images/Test_Images/20200415_150248.jpg,1720,1349,1906,1493,3,0.5040538907051086,3024,3024
20200415_150248.jpg,/local/tmp.11651167/TrainYourOwnYOLO/Data/Source_Images/Test_Images/20200415_150248.jpg,1558,1849,1709,2006,3,0.5239116549491882,3024,3024
20200415_150248.jpg,/local/tmp.11651167/TrainYourOwnYOLO/Data/Source_Images/Test_Images/20200415_150248.jpg,1855,1851,1994,2020,3,0.563252866268158,3024,3024
20200415_150248.jpg,/local/tmp.11651167/TrainYourOwnYOLO/Data/Source_Images/Test_Images/20200415_150248.jpg,2221,1861,2459,2030,3,0.6104968190193176,3024,3024
20200415_150248.jpg,/local/tmp.11651167/TrainYourOwnYOLO/Data/Source_Images/Test_Images/20200415_150248.jpg,1252,1886,1406,2086,3,0.6318575143814087,3024,3024
20200415_150248.jpg,/local/tmp.11651167/TrainYourOwnYOLO/Data/Source_Images/Test_Images/20200415_150248.jpg,498,1511,2606,1779,2,0.998012363910675,3024,3024
20200415_150618.jpg,/local/tmp.11651167/TrainYourOwnYOLO/Data/Source_Images/Test_Images/20200415_150618.jpg,1607,422,1951,2688,20,0.9333379864692688,3024,3024
20200415_150618.jpg,/local/tmp.11651167/TrainYourOwnYOLO/Data/Source_Images/Test_Images/20200415_150618.jpg,1969,539,2482,1020,19,0.975430965423584,3024,3024
20200415_150618.jpg,/local/tmp.11651167/TrainYourOwnYOLO/Data/Source_Images/Test_Images/20200415_150618.jpg,2236,2190,2369,2715,18,0.8806638121604919,3024,3024
20200415_150618.jpg,/local/tmp.11651167/TrainYourOwnYOLO/Data/Source_Images/Test_Images/20200415_150618.jpg,2456,598,2618,1064,18,0.9129592776298523,3024,3024
20200415_150618.jpg,/local/tmp.11651167/TrainYourOwnYOLO/Data/Source_Images/Test_Images/20200415_150618.jpg,1911,2216,2258,2649,14,0.8717120885848999,3024,3024
20200415_150618.jpg,/local/tmp.11651167/TrainYourOwnYOLO/Data/Source_Images/Test_Images/20200415_150618.jpg,901,2190,1685,2338,10,0.3121378719806671,3024,3024
20200415_150618.jpg,/local/tmp.11651167/TrainYourOwnYOLO/Data/Source_Images/Test_Images/20200415_150618.jpg,918,2443,1683,2615,10,0.3453367352485657,3024,3024
20200415_150618.jpg,/local/tmp.11651167/TrainYourOwnYOLO/Data/Source_Images/Test_Images/20200415_150618.jpg,918,2443,1683,2615,5,0.3040035665035248,3024,3024
20200415_150618.jpg,/local/tmp.11651167/TrainYourOwnYOLO/Data/Source_Images/Test_Images/20200415_150618.jpg,705,1241,1652,1396,2,0.26359087228775024,3024,3024
20200415_150618.jpg,/local/tmp.11651167/TrainYourOwnYOLO/Data/Source_Images/Test_Images/20200415_150618.jpg,860,1821,1687,2012,2,0.5964354276657104,3024,3024
20200415_150230.jpg,/local/tmp.11651167/TrainYourOwnYOLO/Data/Source_Images/Test_Images/20200415_150230.jpg,2102,1591,2465,1973,19,0.9903144836425781,3024,3024
20200415_150230.jpg,/local/tmp.11651167/TrainYourOwnYOLO/Data/Source_Images/Test_Images/20200415_150230.jpg,2241,1,2379,165,18,0.5563927888870239,3024,3024
20200415_150230.jpg,/local/tmp.11651167/TrainYourOwnYOLO/Data/Source_Images/Test_Images/20200415_150230.jpg,383,1819,921,1916,18,0.7731426358222961,3024,3024
20200415_150230.jpg,/local/tmp.11651167/TrainYourOwnYOLO/Data/Source_Images/Test_Images/20200415_150230.jpg,1992,1962,2462,2091,18,0.8491595983505249,3024,3024
20200415_150230.jpg,/local/tmp.11651167/TrainYourOwnYOLO/Data/Source_Images/Test_Images/20200415_150230.jpg,156,1340,349,1630,17,0.28449708223342896,3024,3024
20200415_150230.jpg,/local/tmp.11651167/TrainYourOwnYOLO/Data/Source_Images/Test_Images/20200415_150230.jpg,1002,1068,1160,1239,17,0.4472595751285553,3024,3024
20200415_150230.jpg,/local/tmp.11651167/TrainYourOwnYOLO/Data/Source_Images/Test_Images/20200415_150230.jpg,1068,1574,1254,1758,16,0.4919588267803192,3024,3024
20200415_150230.jpg,/local/tmp.11651167/TrainYourOwnYOLO/Data/Source_Images/Test_Images/20200415_150230.jpg,1291,1096,1449,1249,16,0.492622047662735,3024,3024
20200415_150230.jpg,/local/tmp.11651167/TrainYourOwnYOLO/Data/Source_Images/Test_Images/20200415_150230.jpg,2562,1326,2855,1567,15,0.2526053488254547,3024,3024
20200415_150230.jpg,/local/tmp.11651167/TrainYourOwnYOLO/Data/Source_Images/Test_Images/20200415_150230.jpg,553,1056,779,1230,15,0.43161261081695557,3024,3024
20200415_150230.jpg,/local/tmp.11651167/TrainYourOwnYOLO/Data/Source_Images/Test_Images/20200415_150230.jpg,460,1508,904,1834,14,0.9576553106307983,3024,3024
20200415_150230.jpg,/local/tmp.11651167/TrainYourOwnYOLO/Data/Source_Images/Test_Images/20200415_150230.jpg,2098,894,2189,1364,12,0.5243033766746521,3024,3024
20200415_150230.jpg,/local/tmp.11651167/TrainYourOwnYOLO/Data/Source_Images/Test_Images/20200415_150230.jpg,1068,1574,1254,1758,11,0.38252684473991394,3024,3024
20200415_150230.jpg,/local/tmp.11651167/TrainYourOwnYOLO/Data/Source_Images/Test_Images/20200415_150230.jpg,1291,1096,1449,1249,11,0.4916025400161743,3024,3024
20200415_150230.jpg,/local/tmp.11651167/TrainYourOwnYOLO/Data/Source_Images/Test_Images/20200415_150230.jpg,156,1347,337,1648,9,0.35202956199645996,3024,3024
20200415_150230.jpg,/local/tmp.11651167/TrainYourOwnYOLO/Data/Source_Images/Test_Images/20200415_150230.jpg,1002,1068,1160,1239,9,0.4506021738052368,3024,3024
20200415_150230.jpg,/local/tmp.11651167/TrainYourOwnYOLO/Data/Source_Images/Test_Images/20200415_150230.jpg,156,1347,337,1648,8,0.32084956765174866,3024,3024
20200415_150230.jpg,/local/tmp.11651167/TrainYourOwnYOLO/Data/Source_Images/Test_Images/20200415_150230.jpg,1565,1569,1762,1785,8,0.4258239269256592,3024,3024
20200415_150230.jpg,/local/tmp.11651167/TrainYourOwnYOLO/Data/Source_Images/Test_Images/20200415_150230.jpg,1291,1096,1449,1249,8,0.4356679618358612,3024,3024
20200415_150230.jpg,/local/tmp.11651167/TrainYourOwnYOLO/Data/Source_Images/Test_Images/20200415_150230.jpg,522,1050,754,1231,8,0.4702337682247162,3024,3024
20200415_150230.jpg,/local/tmp.11651167/TrainYourOwnYOLO/Data/Source_Images/Test_Images/20200415_150230.jpg,1087,1597,1267,1738,8,0.48256465792655945,3024,3024
20200415_150230.jpg,/local/tmp.11651167/TrainYourOwnYOLO/Data/Source_Images/Test_Images/20200415_150230.jpg,1590,1017,1724,1233,8,0.5049043297767639,3024,3024
20200415_150230.jpg,/local/tmp.11651167/TrainYourOwnYOLO/Data/Source_Images/Test_Images/20200415_150230.jpg,1002,1068,1160,1239,8,0.675757110118866,3024,3024
20200415_150230.jpg,/local/tmp.11651167/TrainYourOwnYOLO/Data/Source_Images/Test_Images/20200415_150230.jpg,1938,927,2032,1352,7,0.7891363501548767,3024,3024
20200415_150230.jpg,/local/tmp.11651167/TrainYourOwnYOLO/Data/Source_Images/Test_Images/20200415_150230.jpg,553,1056,779,1230,6,0.607302725315094,3024,3024
20200415_150230.jpg,/local/tmp.11651167/TrainYourOwnYOLO/Data/Source_Images/Test_Images/20200415_150230.jpg,1565,1569,1762,1785,4,0.3843715786933899,3024,3024
20200415_150230.jpg,/local/tmp.11651167/TrainYourOwnYOLO/Data/Source_Images/Test_Images/20200415_150230.jpg,1569,1573,1761,1780,3,0.407084196805954,3024,3024
20200415_150230.jpg,/local/tmp.11651167/TrainYourOwnYOLO/Data/Source_Images/Test_Images/20200415_150230.jpg,1291,1096,1449,1249,3,0.5093931555747986,3024,3024
20200415_150230.jpg,/local/tmp.11651167/TrainYourOwnYOLO/Data/Source_Images/Test_Images/20200415_150230.jpg,1087,1597,1267,1738,3,0.5123287439346313,3024,3024
20200415_150230.jpg,/local/tmp.11651167/TrainYourOwnYOLO/Data/Source_Images/Test_Images/20200415_150230.jpg,1002,1068,1160,1239,3,0.5287833213806152,3024,3024
20200415_150230.jpg,/local/tmp.11651167/TrainYourOwnYOLO/Data/Source_Images/Test_Images/20200415_150230.jpg,553,1056,779,1230,3,0.5508993268013,3024,3024
20200415_150230.jpg,/local/tmp.11651167/TrainYourOwnYOLO/Data/Source_Images/Test_Images/20200415_150230.jpg,1590,1017,1724,1233,3,0.5776317119598389,3024,3024
20200415_150230.jpg,/local/tmp.11651167/TrainYourOwnYOLO/Data/Source_Images/Test_Images/20200415_150230.jpg,391,1313,2444,1551,2,0.9901856780052185,3024,3024
20200415_150623.jpg,/local/tmp.11651167/TrainYourOwnYOLO/Data/Source_Images/Test_Images/20200415_150623.jpg,1194,304,1566,2745,20,0.8113893270492554,3024,3024
20200415_150623.jpg,/local/tmp.11651167/TrainYourOwnYOLO/Data/Source_Images/Test_Images/20200415_150623.jpg,652,2101,1181,2584,19,0.8353946805000305,3024,3024
20200415_150623.jpg,/local/tmp.11651167/TrainYourOwnYOLO/Data/Source_Images/Test_Images/20200415_150623.jpg,780,300,910,842,18,0.863676130771637,3024,3024
20200415_150623.jpg,/local/tmp.11651167/TrainYourOwnYOLO/Data/Source_Images/Test_Images/20200415_150623.jpg,522,2032,656,2566,18,0.8775607943534851,3024,3024
20200415_150623.jpg,/local/tmp.11651167/TrainYourOwnYOLO/Data/Source_Images/Test_Images/20200415_150623.jpg,890,380,1255,813,14,0.9761795997619629,3024,3024
20200415_150623.jpg,/local/tmp.11651167/TrainYourOwnYOLO/Data/Source_Images/Test_Images/20200415_150623.jpg,1481,2303,2625,2455,10,0.27082309126853943,3024,3024
20200415_150623.jpg,/local/tmp.11651167/TrainYourOwnYOLO/Data/Source_Images/Test_Images/20200415_150623.jpg,1542,1858,2578,1989,10,0.27597206830978394,3024,3024
20200415_150623.jpg,/local/tmp.11651167/TrainYourOwnYOLO/Data/Source_Images/Test_Images/20200415_150623.jpg,1527,2083,2584,2221,10,0.3080775737762451,3024,3024
20200415_150623.jpg,/local/tmp.11651167/TrainYourOwnYOLO/Data/Source_Images/Test_Images/20200415_150623.jpg,1512,404,2286,577,10,0.3194838762283325,3024,3024
20200415_150623.jpg,/local/tmp.11651167/TrainYourOwnYOLO/Data/Source_Images/Test_Images/20200415_150623.jpg,1505,1108,2279,1300,10,0.36943188309669495,3024,3024
20200415_150623.jpg,/local/tmp.11651167/TrainYourOwnYOLO/Data/Source_Images/Test_Images/20200415_150623.jpg,1543,1628,2589,1783,10,0.4054035246372223,3024,3024
20200415_150623.jpg,/local/tmp.11651167/TrainYourOwnYOLO/Data/Source_Images/Test_Images/20200415_150623.jpg,1501,1016,2285,1214,10,0.4096793532371521,3024,3024
20200415_150623.jpg,/local/tmp.11651167/TrainYourOwnYOLO/Data/Source_Images/Test_Images/20200415_150623.jpg,1516,702,2284,854,10,0.5282959342002869,3024,3024
20200415_150623.jpg,/local/tmp.11651167/TrainYourOwnYOLO/Data/Source_Images/Test_Images/20200415_150623.jpg,1501,1016,2285,1214,5,0.2775341272354126,3024,3024
20200415_150623.jpg,/local/tmp.11651167/TrainYourOwnYOLO/Data/Source_Images/Test_Images/20200415_150623.jpg,1505,1108,2279,1300,5,0.29463955760002136,3024,3024
20200415_150623.jpg,/local/tmp.11651167/TrainYourOwnYOLO/Data/Source_Images/Test_Images/20200415_150623.jpg,1481,2303,2625,2455,5,0.3066709339618683,3024,3024
20200415_150623.jpg,/local/tmp.11651167/TrainYourOwnYOLO/Data/Source_Images/Test_Images/20200415_150623.jpg,1512,404,2286,577,5,0.3424644470214844,3024,3024
20200415_150623.jpg,/local/tmp.11651167/TrainYourOwnYOLO/Data/Source_Images/Test_Images/20200415_150623.jpg,1543,1628,2589,1783,5,0.3991911709308624,3024,3024
20200415_150623.jpg,/local/tmp.11651167/TrainYourOwnYOLO/Data/Source_Images/Test_Images/20200415_150623.jpg,1516,702,2284,854,5,0.44140082597732544,3024,3024
20200415_150623.jpg,/local/tmp.11651167/TrainYourOwnYOLO/Data/Source_Images/Test_Images/20200415_150623.jpg,1527,2083,2584,2221,2,0.27231964468955994,3024,3024
20200415_150623.jpg,/local/tmp.11651167/TrainYourOwnYOLO/Data/Source_Images/Test_Images/20200415_150623.jpg,1589,1692,2549,1886,2,0.27635952830314636,3024,3024
20200415_150623.jpg,/local/tmp.11651167/TrainYourOwnYOLO/Data/Source_Images/Test_Images/20200415_150623.jpg,1542,1858,2578,1989,2,0.36181747913360596,3024,3024
20200415_150245.jpg,/local/tmp.11651167/TrainYourOwnYOLO/Data/Source_Images/Test_Images/20200415_150245.jpg,2286,820,2555,1229,19,0.9538371562957764,3024,3024
20200415_150245.jpg,/local/tmp.11651167/TrainYourOwnYOLO/Data/Source_Images/Test_Images/20200415_150245.jpg,1176,209,1308,600,18,0.2512264549732208,3024,3024
20200415_150245.jpg,/local/tmp.11651167/TrainYourOwnYOLO/Data/Source_Images/Test_Images/20200415_150245.jpg,358,303,946,405,18,0.4049398601055145,3024,3024
20200415_150245.jpg,/local/tmp.11651167/TrainYourOwnYOLO/Data/Source_Images/Test_Images/20200415_150245.jpg,1595,261,1681,638,18,0.5335220098495483,3024,3024
20200415_150245.jpg,/local/tmp.11651167/TrainYourOwnYOLO/Data/Source_Images/Test_Images/20200415_150245.jpg,2392,355,2477,666,18,0.5446608662605286,3024,3024
20200415_150245.jpg,/local/tmp.11651167/TrainYourOwnYOLO/Data/Source_Images/Test_Images/20200415_150245.jpg,2025,324,2117,631,18,0.5847894549369812,3024,3024
20200415_150245.jpg,/local/tmp.11651167/TrainYourOwnYOLO/Data/Source_Images/Test_Images/20200415_150245.jpg,764,973,1255,1057,18,0.7135375142097473,3024,3024
20200415_150245.jpg,/local/tmp.11651167/TrainYourOwnYOLO/Data/Source_Images/Test_Images/20200415_150245.jpg,437,610,925,707,18,0.7572907209396362,3024,3024
20200415_150245.jpg,/local/tmp.11651167/TrainYourOwnYOLO/Data/Source_Images/Test_Images/20200415_150245.jpg,1585,984,2039,1068,18,0.8449165225028992,3024,3024
20200415_150245.jpg,/local/tmp.11651167/TrainYourOwnYOLO/Data/Source_Images/Test_Images/20200415_150245.jpg,1717,2012,1915,2206,17,0.30542099475860596,3024,3024
20200415_150245.jpg,/local/tmp.11651167/TrainYourOwnYOLO/Data/Source_Images/Test_Images/20200415_150245.jpg,1308,2001,1517,2245,17,0.391074538230896,3024,3024
20200415_150245.jpg,/local/tmp.11651167/TrainYourOwnYOLO/Data/Source_Images/Test_Images/20200415_150245.jpg,669,2572,946,2767,16,0.2774532437324524,3024,3024
20200415_150245.jpg,/local/tmp.11651167/TrainYourOwnYOLO/Data/Source_Images/Test_Images/20200415_150245.jpg,342,2563,574,2756,16,0.3185943067073822,3024,3024
20200415_150245.jpg,/local/tmp.11651167/TrainYourOwnYOLO/Data/Source_Images/Test_Images/20200415_150245.jpg,300,1986,561,2178,15,0.25897282361984253,3024,3024
20200415_150245.jpg,/local/tmp.11651167/TrainYourOwnYOLO/Data/Source_Images/Test_Images/20200415_150245.jpg,655,2011,929,2204,15,0.4604288339614868,3024,3024
20200415_150245.jpg,/local/tmp.11651167/TrainYourOwnYOLO/Data/Source_Images/Test_Images/20200415_150245.jpg,436,1408,820,1717,14,0.8911938071250916,3024,3024
20200415_150245.jpg,/local/tmp.11651167/TrainYourOwnYOLO/Data/Source_Images/Test_Images/20200415_150245.jpg,2501,1956,2703,2200,13,0.4183677136898041,3024,3024
20200415_150245.jpg,/local/tmp.11651167/TrainYourOwnYOLO/Data/Source_Images/Test_Images/20200415_150245.jpg,2149,1987,2355,2180,13,0.42881378531455994,3024,3024
20200415_150245.jpg,/local/tmp.11651167/TrainYourOwnYOLO/Data/Source_Images/Test_Images/20200415_150245.jpg,2598,2464,2690,2816,12,0.8255181312561035,3024,3024
20200415_150245.jpg,/local/tmp.11651167/TrainYourOwnYOLO/Data/Source_Images/Test_Images/20200415_150245.jpg,342,2563,574,2756,11,0.3267044425010681,3024,3024
20200415_150245.jpg,/local/tmp.11651167/TrainYourOwnYOLO/Data/Source_Images/Test_Images/20200415_150245.jpg,692,2572,944,2767,11,0.3402850925922394,3024,3024
20200415_150245.jpg,/local/tmp.11651167/TrainYourOwnYOLO/Data/Source_Images/Test_Images/20200415_150245.jpg,1308,2001,1517,2245,9,0.2944186329841614,3024,3024
20200415_150245.jpg,/local/tmp.11651167/TrainYourOwnYOLO/Data/Source_Images/Test_Images/20200415_150245.jpg,1713,2010,1880,2216,9,0.35442477464675903,3024,3024
20200415_150245.jpg,/local/tmp.11651167/TrainYourOwnYOLO/Data/Source_Images/Test_Images/20200415_150245.jpg,342,2563,574,2756,8,0.26279640197753906,3024,3024
20200415_150245.jpg,/local/tmp.11651167/TrainYourOwnYOLO/Data/Source_Images/Test_Images/20200415_150245.jpg,669,2572,946,2767,8,0.28353816270828247,3024,3024
20200415_150245.jpg,/local/tmp.11651167/TrainYourOwnYOLO/Data/Source_Images/Test_Images/20200415_150245.jpg,2501,1956,2703,2200,8,0.2988584637641907,3024,3024
20200415_150245.jpg,/local/tmp.11651167/TrainYourOwnYOLO/Data/Source_Images/Test_Images/20200415_150245.jpg,655,2011,929,2204,8,0.3393232524394989,3024,3024
20200415_150245.jpg,/local/tmp.11651167/TrainYourOwnYOLO/Data/Source_Images/Test_Images/20200415_150245.jpg,1308,2001,1517,2245,8,0.3839148283004761,3024,3024
20200415_150245.jpg,/local/tmp.11651167/TrainYourOwnYOLO/Data/Source_Images/Test_Images/20200415_150245.jpg,2149,1987,2355,2180,8,0.42601364850997925,3024,3024
20200415_150245.jpg,/local/tmp.11651167/TrainYourOwnYOLO/Data/Source_Images/Test_Images/20200415_150245.jpg,1729,2005,1893,2210,8,0.46225789189338684,3024,3024
20200415_150245.jpg,/local/tmp.11651167/TrainYourOwnYOLO/Data/Source_Images/Test_Images/20200415_150245.jpg,2289,2453,2371,2803,7,0.6730043888092041,3024,3024
20200415_150245.jpg,/local/tmp.11651167/TrainYourOwnYOLO/Data/Source_Images/Test_Images/20200415_150245.jpg,655,2011,929,2204,6,0.5227437019348145,3024,3024
20200415_150245.jpg,/local/tmp.11651167/TrainYourOwnYOLO/Data/Source_Images/Test_Images/20200415_150245.jpg,2149,1987,2355,2180,4,0.4341331720352173,3024,3024
20200415_150245.jpg,/local/tmp.11651167/TrainYourOwnYOLO/Data/Source_Images/Test_Images/20200415_150245.jpg,2501,1956,2703,2200,4,0.6303520202636719,3024,3024
20200415_150245.jpg,/local/tmp.11651167/TrainYourOwnYOLO/Data/Source_Images/Test_Images/20200415_150245.jpg,300,1986,561,2178,3,0.30524730682373047,3024,3024
20200415_150245.jpg,/local/tmp.11651167/TrainYourOwnYOLO/Data/Source_Images/Test_Images/20200415_150245.jpg,2149,1987,2355,2180,3,0.32087957859039307,3024,3024
20200415_150245.jpg,/local/tmp.11651167/TrainYourOwnYOLO/Data/Source_Images/Test_Images/20200415_150245.jpg,669,2572,946,2767,3,0.32438522577285767,3024,3024
20200415_150245.jpg,/local/tmp.11651167/TrainYourOwnYOLO/Data/Source_Images/Test_Images/20200415_150245.jpg,1308,2001,1517,2245,3,0.33198246359825134,3024,3024
20200415_150245.jpg,/local/tmp.11651167/TrainYourOwnYOLO/Data/Source_Images/Test_Images/20200415_150245.jpg,2501,1956,2703,2200,3,0.35018038749694824,3024,3024
20200415_150245.jpg,/local/tmp.11651167/TrainYourOwnYOLO/Data/Source_Images/Test_Images/20200415_150245.jpg,342,2563,574,2756,3,0.3655994236469269,3024,3024
20200415_150245.jpg,/local/tmp.11651167/TrainYourOwnYOLO/Data/Source_Images/Test_Images/20200415_150245.jpg,1729,2005,1893,2210,3,0.38413891196250916,3024,3024
20200415_150245.jpg,/local/tmp.11651167/TrainYourOwnYOLO/Data/Source_Images/Test_Images/20200415_150245.jpg,655,2011,929,2204,3,0.46375852823257446,3024,3024
20200415_150245.jpg,/local/tmp.11651167/TrainYourOwnYOLO/Data/Source_Images/Test_Images/20200415_150245.jpg,1198,1384,2648,1682,2,0.6267686486244202,3024,3024
20200415_150239.jpg,/local/tmp.11651167/TrainYourOwnYOLO/Data/Source_Images/Test_Images/20200415_150239.jpg,1686,460,1913,2500,20,0.949867308139801,3024,3024
20200415_150239.jpg,/local/tmp.11651167/TrainYourOwnYOLO/Data/Source_Images/Test_Images/20200415_150239.jpg,1291,2112,1690,2485,19,0.9805019497871399,3024,3024
20200415_150239.jpg,/local/tmp.11651167/TrainYourOwnYOLO/Data/Source_Images/Test_Images/20200415_150239.jpg,1347,492,1474,975,18,0.4321483373641968,3024,3024
20200415_150239.jpg,/local/tmp.11651167/TrainYourOwnYOLO/Data/Source_Images/Test_Images/20200415_150239.jpg,1189,2005,1319,2502,18,0.8022412061691284,3024,3024
20200415_150239.jpg,/local/tmp.11651167/TrainYourOwnYOLO/Data/Source_Images/Test_Images/20200415_150239.jpg,1500,1151,1696,1319,17,0.3639504909515381,3024,3024
20200415_150239.jpg,/local/tmp.11651167/TrainYourOwnYOLO/Data/Source_Images/Test_Images/20200415_150239.jpg,1972,645,2190,838,17,0.4260411858558655,3024,3024
20200415_150239.jpg,/local/tmp.11651167/TrainYourOwnYOLO/Data/Source_Images/Test_Images/20200415_150239.jpg,2005,1055,2155,1208,16,0.35405343770980835,3024,3024
20200415_150239.jpg,/local/tmp.11651167/TrainYourOwnYOLO/Data/Source_Images/Test_Images/20200415_150239.jpg,1478,1605,1684,1789,16,0.46811923384666443,3024,3024
20200415_150239.jpg,/local/tmp.11651167/TrainYourOwnYOLO/Data/Source_Images/Test_Images/20200415_150239.jpg,2018,1621,2209,1758,15,0.2658965587615967,3024,3024
20200415_150239.jpg,/local/tmp.11651167/TrainYourOwnYOLO/Data/Source_Images/Test_Images/20200415_150239.jpg,1650,275,1890,416,15,0.520378828048706,3024,3024
20200415_150239.jpg,/local/tmp.11651167/TrainYourOwnYOLO/Data/Source_Images/Test_Images/20200415_150239.jpg,1428,577,1718,935,14,0.9583244323730469,3024,3024
20200415_150239.jpg,/local/tmp.11651167/TrainYourOwnYOLO/Data/Source_Images/Test_Images/20200415_150239.jpg,1999,1338,2136,1489,13,0.3154507875442505,3024,3024
20200415_150239.jpg,/local/tmp.11651167/TrainYourOwnYOLO/Data/Source_Images/Test_Images/20200415_150239.jpg,1478,1605,1684,1789,11,0.4114539623260498,3024,3024
20200415_150239.jpg,/local/tmp.11651167/TrainYourOwnYOLO/Data/Source_Images/Test_Images/20200415_150239.jpg,2005,1055,2155,1208,11,0.5074566602706909,3024,3024
20200415_150239.jpg,/local/tmp.11651167/TrainYourOwnYOLO/Data/Source_Images/Test_Images/20200415_150239.jpg,1908,2107,2316,2216,10,0.47271835803985596,3024,3024
20200415_150239.jpg,/local/tmp.11651167/TrainYourOwnYOLO/Data/Source_Images/Test_Images/20200415_150239.jpg,1990,631,2180,854,9,0.4351610541343689,3024,3024
20200415_150239.jpg,/local/tmp.11651167/TrainYourOwnYOLO/Data/Source_Images/Test_Images/20200415_150239.jpg,1517,1141,1661,1330,9,0.47080740332603455,3024,3024
20200415_150239.jpg,/local/tmp.11651167/TrainYourOwnYOLO/Data/Source_Images/Test_Images/20200415_150239.jpg,1676,2579,1942,2823,8,0.2597893476486206,3024,3024
20200415_150239.jpg,/local/tmp.11651167/TrainYourOwnYOLO/Data/Source_Images/Test_Images/20200415_150239.jpg,1478,1605,1684,1789,8,0.34687691926956177,3024,3024
20200415_150239.jpg,/local/tmp.11651167/TrainYourOwnYOLO/Data/Source_Images/Test_Images/20200415_150239.jpg,2008,1063,2156,1204,8,0.4079219400882721,3024,3024
20200415_150239.jpg,/local/tmp.11651167/TrainYourOwnYOLO/Data/Source_Images/Test_Images/20200415_150239.jpg,1636,280,1888,433,8,0.407937616109848,3024,3024
20200415_150239.jpg,/local/tmp.11651167/TrainYourOwnYOLO/Data/Source_Images/Test_Images/20200415_150239.jpg,1990,631,2180,854,8,0.43591442704200745,3024,3024
20200415_150239.jpg,/local/tmp.11651167/TrainYourOwnYOLO/Data/Source_Images/Test_Images/20200415_150239.jpg,1999,1338,2136,1489,8,0.4443243443965912,3024,3024
20200415_150239.jpg,/local/tmp.11651167/TrainYourOwnYOLO/Data/Source_Images/Test_Images/20200415_150239.jpg,2009,1619,2214,1747,8,0.5433062314987183,3024,3024
20200415_150239.jpg,/local/tmp.11651167/TrainYourOwnYOLO/Data/Source_Images/Test_Images/20200415_150239.jpg,1517,1141,1661,1330,8,0.6237839460372925,3024,3024
20200415_150239.jpg,/local/tmp.11651167/TrainYourOwnYOLO/Data/Source_Images/Test_Images/20200415_150239.jpg,2018,1621,2209,1758,6,0.25366923213005066,3024,3024
20200415_150239.jpg,/local/tmp.11651167/TrainYourOwnYOLO/Data/Source_Images/Test_Images/20200415_150239.jpg,1636,280,1888,433,6,0.6173965334892273,3024,3024
20200415_150239.jpg,/local/tmp.11651167/TrainYourOwnYOLO/Data/Source_Images/Test_Images/20200415_150239.jpg,1915,1954,2296,2056,5,0.4298005998134613,3024,3024
20200415_150239.jpg,/local/tmp.11651167/TrainYourOwnYOLO/Data/Source_Images/Test_Images/20200415_150239.jpg,1908,2107,2316,2216,5,0.5717095732688904,3024,3024
20200415_150239.jpg,/local/tmp.11651167/TrainYourOwnYOLO/Data/Source_Images/Test_Images/20200415_150239.jpg,1999,1338,2136,1489,4,0.3886265158653259,3024,3024
20200415_150239.jpg,/local/tmp.11651167/TrainYourOwnYOLO/Data/Source_Images/Test_Images/20200415_150239.jpg,1670,2559,1936,2832,4,0.4061122536659241,3024,3024
20200415_150239.jpg,/local/tmp.11651167/TrainYourOwnYOLO/Data/Source_Images/Test_Images/20200415_150239.jpg,1999,1338,2136,1489,3,0.3316952884197235,3024,3024
20200415_150239.jpg,/local/tmp.11651167/TrainYourOwnYOLO/Data/Source_Images/Test_Images/20200415_150239.jpg,1990,631,2180,854,3,0.36877569556236267,3024,3024
20200415_150239.jpg,/local/tmp.11651167/TrainYourOwnYOLO/Data/Source_Images/Test_Images/20200415_150239.jpg,1670,2559,1936,2832,3,0.3982258141040802,3024,3024
20200415_150239.jpg,/local/tmp.11651167/TrainYourOwnYOLO/Data/Source_Images/Test_Images/20200415_150239.jpg,1517,1141,1661,1330,3,0.46041953563690186,3024,3024
20200415_150239.jpg,/local/tmp.11651167/TrainYourOwnYOLO/Data/Source_Images/Test_Images/20200415_150239.jpg,1636,280,1888,433,3,0.49950143694877625,3024,3024
20200415_150239.jpg,/local/tmp.11651167/TrainYourOwnYOLO/Data/Source_Images/Test_Images/20200415_150239.jpg,2008,1063,2156,1204,3,0.5203295946121216,3024,3024
20200415_150239.jpg,/local/tmp.11651167/TrainYourOwnYOLO/Data/Source_Images/Test_Images/20200415_150239.jpg,1478,1605,1684,1789,3,0.5326581001281738,3024,3024
20200415_150239.jpg,/local/tmp.11651167/TrainYourOwnYOLO/Data/Source_Images/Test_Images/20200415_150239.jpg,2018,1621,2209,1758,3,0.6109685897827148,3024,3024
IMG_20200331_123348.jpg,/local/tmp.11651167/TrainYourOwnYOLO/Data/Source_Images/Test_Images/IMG_20200331_123348.jpg,835,185,953,869,20,0.8918705582618713,1600,1200
IMG_20200331_123348.jpg,/local/tmp.11651167/TrainYourOwnYOLO/Data/Source_Images/Test_Images/IMG_20200331_123348.jpg,730,739,884,937,19,0.7469828128814697,1600,1200
IMG_20200331_123348.jpg,/local/tmp.11651167/TrainYourOwnYOLO/Data/Source_Images/Test_Images/IMG_20200331_123348.jpg,662,639,733,1010,18,0.9059510231018066,1600,1200
IMG_20200331_123348.jpg,/local/tmp.11651167/TrainYourOwnYOLO/Data/Source_Images/Test_Images/IMG_20200331_123348.jpg,620,136,1056,215,18,0.9615184664726257,1600,1200
IMG_20200331_123348.jpg,/local/tmp.11651167/TrainYourOwnYOLO/Data/Source_Images/Test_Images/IMG_20200331_123348.jpg,929,267,1043,407,17,0.5008722543716431,1600,1200
IMG_20200331_123348.jpg,/local/tmp.11651167/TrainYourOwnYOLO/Data/Source_Images/Test_Images/IMG_20200331_123348.jpg,753,483,857,633,14,0.789732813835144,1600,1200
IMG_20200331_123348.jpg,/local/tmp.11651167/TrainYourOwnYOLO/Data/Source_Images/Test_Images/IMG_20200331_123348.jpg,722,277,839,424,14,0.8310885429382324,1600,1200
IMG_20200331_123348.jpg,/local/tmp.11651167/TrainYourOwnYOLO/Data/Source_Images/Test_Images/IMG_20200331_123348.jpg,961,655,1081,830,13,0.5215213894844055,1600,1200
IMG_20200331_123348.jpg,/local/tmp.11651167/TrainYourOwnYOLO/Data/Source_Images/Test_Images/IMG_20200331_123348.jpg,936,490,1121,567,10,0.2741175889968872,1600,1200
IMG_20200331_123348.jpg,/local/tmp.11651167/TrainYourOwnYOLO/Data/Source_Images/Test_Images/IMG_20200331_123348.jpg,925,272,1033,407,9,0.3916587829589844,1600,1200
IMG_20200331_123348.jpg,/local/tmp.11651167/TrainYourOwnYOLO/Data/Source_Images/Test_Images/IMG_20200331_123348.jpg,925,272,1033,407,8,0.389111191034317,1600,1200
IMG_20200331_123348.jpg,/local/tmp.11651167/TrainYourOwnYOLO/Data/Source_Images/Test_Images/IMG_20200331_123348.jpg,961,655,1081,830,8,0.42807960510253906,1600,1200
IMG_20200331_123348.jpg,/local/tmp.11651167/TrainYourOwnYOLO/Data/Source_Images/Test_Images/IMG_20200331_123348.jpg,904,854,989,1119,7,0.909430205821991,1600,1200
IMG_20200331_123348.jpg,/local/tmp.11651167/TrainYourOwnYOLO/Data/Source_Images/Test_Images/IMG_20200331_123348.jpg,936,490,1121,567,5,0.49527543783187866,1600,1200
IMG_20200331_123348.jpg,/local/tmp.11651167/TrainYourOwnYOLO/Data/Source_Images/Test_Images/IMG_20200331_123348.jpg,961,655,1081,830,4,0.5167599320411682,1600,1200
IMG_20200331_123348.jpg,/local/tmp.11651167/TrainYourOwnYOLO/Data/Source_Images/Test_Images/IMG_20200331_123348.jpg,929,267,1043,407,3,0.30499690771102905,1600,1200
IMG_20200331_123348.jpg,/local/tmp.11651167/TrainYourOwnYOLO/Data/Source_Images/Test_Images/IMG_20200331_123348.jpg,961,655,1081,830,3,0.49791112542152405,1600,1200
20200415_150214.jpg,/local/tmp.11651167/TrainYourOwnYOLO/Data/Source_Images/Test_Images/20200415_150214.jpg,1220,723,1420,2408,20,0.9004261493682861,3024,3024
20200415_150214.jpg,/local/tmp.11651167/TrainYourOwnYOLO/Data/Source_Images/Test_Images/20200415_150214.jpg,1438,604,1800,989,19,0.9748417139053345,3024,3024
20200415_150214.jpg,/local/tmp.11651167/TrainYourOwnYOLO/Data/Source_Images/Test_Images/20200415_150214.jpg,1660,2051,1773,2530,18,0.4370456337928772,3024,3024
20200415_150214.jpg,/local/tmp.11651167/TrainYourOwnYOLO/Data/Source_Images/Test_Images/20200415_150214.jpg,1780,632,1921,1043,18,0.5507780313491821,3024,3024
20200415_150214.jpg,/local/tmp.11651167/TrainYourOwnYOLO/Data/Source_Images/Test_Images/20200415_150214.jpg,915,1299,1114,1444,16,0.25777730345726013,3024,3024
20200415_150214.jpg,/local/tmp.11651167/TrainYourOwnYOLO/Data/Source_Images/Test_Images/20200415_150214.jpg,1228,2590,1504,2768,16,0.396886944770813,3024,3024
20200415_150214.jpg,/local/tmp.11651167/TrainYourOwnYOLO/Data/Source_Images/Test_Images/20200415_150214.jpg,1395,2077,1687,2460,14,0.9810769557952881,3024,3024
20200415_150214.jpg,/local/tmp.11651167/TrainYourOwnYOLO/Data/Source_Images/Test_Images/20200415_150214.jpg,1451,1727,1599,1894,13,0.2876291275024414,3024,3024
20200415_150214.jpg,/local/tmp.11651167/TrainYourOwnYOLO/Data/Source_Images/Test_Images/20200415_150214.jpg,951,2198,1128,2420,13,0.3831165134906769,3024,3024
20200415_150214.jpg,/local/tmp.11651167/TrainYourOwnYOLO/Data/Source_Images/Test_Images/20200415_150214.jpg,1228,2590,1504,2768,11,0.5695191621780396,3024,3024
20200415_150214.jpg,/local/tmp.11651167/TrainYourOwnYOLO/Data/Source_Images/Test_Images/20200415_150214.jpg,833,1014,1218,1114,10,0.46190136671066284,3024,3024
20200415_150214.jpg,/local/tmp.11651167/TrainYourOwnYOLO/Data/Source_Images/Test_Images/20200415_150214.jpg,816,850,1214,965,10,0.49039411544799805,3024,3024
20200415_150214.jpg,/local/tmp.11651167/TrainYourOwnYOLO/Data/Source_Images/Test_Images/20200415_150214.jpg,1007,1566,1140,1718,9,0.3158493638038635,3024,3024
20200415_150214.jpg,/local/tmp.11651167/TrainYourOwnYOLO/Data/Source_Images/Test_Images/20200415_150214.jpg,1451,1727,1599,1894,8,0.35312384366989136,3024,3024
20200415_150214.jpg,/local/tmp.11651167/TrainYourOwnYOLO/Data/Source_Images/Test_Images/20200415_150214.jpg,915,1299,1114,1444,8,0.3591393530368805,3024,3024
20200415_150214.jpg,/local/tmp.11651167/TrainYourOwnYOLO/Data/Source_Images/Test_Images/20200415_150214.jpg,981,1841,1135,1980,8,0.3664489686489105,3024,3024
20200415_150214.jpg,/local/tmp.11651167/TrainYourOwnYOLO/Data/Source_Images/Test_Images/20200415_150214.jpg,1007,1566,1140,1718,8,0.4006864130496979,3024,3024
20200415_150214.jpg,/local/tmp.11651167/TrainYourOwnYOLO/Data/Source_Images/Test_Images/20200415_150214.jpg,1211,281,1448,540,8,0.40557754039764404,3024,3024
20200415_150214.jpg,/local/tmp.11651167/TrainYourOwnYOLO/Data/Source_Images/Test_Images/20200415_150214.jpg,1441,1283,1622,1441,8,0.42392078042030334,3024,3024
20200415_150214.jpg,/local/tmp.11651167/TrainYourOwnYOLO/Data/Source_Images/Test_Images/20200415_150214.jpg,1228,2590,1504,2768,8,0.43541082739830017,3024,3024
20200415_150214.jpg,/local/tmp.11651167/TrainYourOwnYOLO/Data/Source_Images/Test_Images/20200415_150214.jpg,951,2198,1128,2420,8,0.5042126178741455,3024,3024
20200415_150214.jpg,/local/tmp.11651167/TrainYourOwnYOLO/Data/Source_Images/Test_Images/20200415_150214.jpg,833,1014,1218,1114,5,0.44560176134109497,3024,3024
20200415_150214.jpg,/local/tmp.11651167/TrainYourOwnYOLO/Data/Source_Images/Test_Images/20200415_150214.jpg,816,850,1214,965,5,0.48876577615737915,3024,3024
20200415_150214.jpg,/local/tmp.11651167/TrainYourOwnYOLO/Data/Source_Images/Test_Images/20200415_150214.jpg,951,2198,1128,2420,4,0.37695205211639404,3024,3024
20200415_150214.jpg,/local/tmp.11651167/TrainYourOwnYOLO/Data/Source_Images/Test_Images/20200415_150214.jpg,1451,1727,1599,1894,4,0.4070781171321869,3024,3024
20200415_150214.jpg,/local/tmp.11651167/TrainYourOwnYOLO/Data/Source_Images/Test_Images/20200415_150214.jpg,1211,281,1448,540,3,0.27520138025283813,3024,3024
20200415_150214.jpg,/local/tmp.11651167/TrainYourOwnYOLO/Data/Source_Images/Test_Images/20200415_150214.jpg,1007,1566,1140,1718,3,0.2867504954338074,3024,3024
20200415_150214.jpg,/local/tmp.11651167/TrainYourOwnYOLO/Data/Source_Images/Test_Images/20200415_150214.jpg,979,1840,1130,1977,3,0.363677978515625,3024,3024
20200415_150214.jpg,/local/tmp.11651167/TrainYourOwnYOLO/Data/Source_Images/Test_Images/20200415_150214.jpg,970,2200,1134,2408,3,0.4354499280452728,3024,3024
20200415_150214.jpg,/local/tmp.11651167/TrainYourOwnYOLO/Data/Source_Images/Test_Images/20200415_150214.jpg,915,1299,1114,1444,3,0.4446393549442291,3024,3024
20200415_150214.jpg,/local/tmp.11651167/TrainYourOwnYOLO/Data/Source_Images/Test_Images/20200415_150214.jpg,1451,1727,1599,1894,3,0.4480833411216736,3024,3024
20200415_150214.jpg,/local/tmp.11651167/TrainYourOwnYOLO/Data/Source_Images/Test_Images/20200415_150214.jpg,1441,1283,1622,1441,3,0.5198579430580139,3024,3024
20200415_150214.jpg,/local/tmp.11651167/TrainYourOwnYOLO/Data/Source_Images/Test_Images/20200415_150214.jpg,1228,2590,1504,2768,3,0.5576648712158203,3024,3024
20200415_150236.jpg,/local/tmp.11651167/TrainYourOwnYOLO/Data/Source_Images/Test_Images/20200415_150236.jpg,1340,467,1609,1806,20,0.5562790036201477,3024,3024
20200415_150236.jpg,/local/tmp.11651167/TrainYourOwnYOLO/Data/Source_Images/Test_Images/20200415_150236.jpg,752,523,1150,839,19,0.8493073582649231,3024,3024
20200415_150236.jpg,/local/tmp.11651167/TrainYourOwnYOLO/Data/Source_Images/Test_Images/20200415_150236.jpg,589,2130,664,2572,18,0.44284260272979736,3024,3024
20200415_150236.jpg,/local/tmp.11651167/TrainYourOwnYOLO/Data/Source_Images/Test_Images/20200415_150236.jpg,240,1393,587,1482,18,0.4794827103614807,3024,3024
20200415_150236.jpg,/local/tmp.11651167/TrainYourOwnYOLO/Data/Source_Images/Test_Images/20200415_150236.jpg,321,606,586,708,18,0.750194787979126,3024,3024
20200415_150236.jpg,/local/tmp.11651167/TrainYourOwnYOLO/Data/Source_Images/Test_Images/20200415_150236.jpg,196,1776,562,1875,18,0.7622857689857483,3024,3024
20200415_150236.jpg,/local/tmp.11651167/TrainYourOwnYOLO/Data/Source_Images/Test_Images/20200415_150236.jpg,281,969,570,1069,18,0.7989977598190308,3024,3024
20200415_150236.jpg,/local/tmp.11651167/TrainYourOwnYOLO/Data/Source_Images/Test_Images/20200415_150236.jpg,1912,2101,2081,2375,17,0.3172104060649872,3024,3024
20200415_150236.jpg,/local/tmp.11651167/TrainYourOwnYOLO/Data/Source_Images/Test_Images/20200415_150236.jpg,1891,1570,2126,1751,16,0.33115601539611816,3024,3024
20200415_150236.jpg,/local/tmp.11651167/TrainYourOwnYOLO/Data/Source_Images/Test_Images/20200415_150236.jpg,1893,775,2083,955,16,0.3464730978012085,3024,3024
20200415_150236.jpg,/local/tmp.11651167/TrainYourOwnYOLO/Data/Source_Images/Test_Images/20200415_150236.jpg,1907,1213,2105,1366,15,0.2939285635948181,3024,3024
20200415_150236.jpg,/local/tmp.11651167/TrainYourOwnYOLO/Data/Source_Images/Test_Images/20200415_150236.jpg,1888,439,2092,590,15,0.4203512370586395,3024,3024
20200415_150236.jpg,/local/tmp.11651167/TrainYourOwnYOLO/Data/Source_Images/Test_Images/20200415_150236.jpg,1314,2237,1641,2544,14,0.6514338850975037,3024,3024
20200415_150236.jpg,/local/tmp.11651167/TrainYourOwnYOLO/Data/Source_Images/Test_Images/20200415_150236.jpg,2384,2428,2596,2654,13,0.3080460727214813,3024,3024
20200415_150236.jpg,/local/tmp.11651167/TrainYourOwnYOLO/Data/Source_Images/Test_Images/20200415_150236.jpg,2424,1545,2519,1888,12,0.8245376348495483,3024,3024
20200415_150236.jpg,/local/tmp.11651167/TrainYourOwnYOLO/Data/Source_Images/Test_Images/20200415_150236.jpg,1893,775,2083,955,11,0.32820743322372437,3024,3024
20200415_150236.jpg,/local/tmp.11651167/TrainYourOwnYOLO/Data/Source_Images/Test_Images/20200415_150236.jpg,1891,1570,2126,1751,11,0.4265543818473816,3024,3024
20200415_150236.jpg,/local/tmp.11651167/TrainYourOwnYOLO/Data/Source_Images/Test_Images/20200415_150236.jpg,2361,436,2659,532,10,0.2849521040916443,3024,3024
20200415_150236.jpg,/local/tmp.11651167/TrainYourOwnYOLO/Data/Source_Images/Test_Images/20200415_150236.jpg,1912,2101,2081,2375,9,0.503756046295166,3024,3024
20200415_150236.jpg,/local/tmp.11651167/TrainYourOwnYOLO/Data/Source_Images/Test_Images/20200415_150236.jpg,2384,2428,2596,2654,8,0.26741477847099304,3024,3024
20200415_150236.jpg,/local/tmp.11651167/TrainYourOwnYOLO/Data/Source_Images/Test_Images/20200415_150236.jpg,1893,775,2083,955,8,0.2711523175239563,3024,3024
20200415_150236.jpg,/local/tmp.11651167/TrainYourOwnYOLO/Data/Source_Images/Test_Images/20200415_150236.jpg,1888,439,2092,590,8,0.3701358139514923,3024,3024
20200415_150236.jpg,/local/tmp.11651167/TrainYourOwnYOLO/Data/Source_Images/Test_Images/20200415_150236.jpg,1907,1213,2105,1366,8,0.38082215189933777,3024,3024
20200415_150236.jpg,/local/tmp.11651167/TrainYourOwnYOLO/Data/Source_Images/Test_Images/20200415_150236.jpg,1912,2101,2081,2375,8,0.4810366928577423,3024,3024
20200415_150236.jpg,/local/tmp.11651167/TrainYourOwnYOLO/Data/Source_Images/Test_Images/20200415_150236.jpg,2437,1065,2523,1451,7,0.6603338718414307,3024,3024
20200415_150236.jpg,/local/tmp.11651167/TrainYourOwnYOLO/Data/Source_Images/Test_Images/20200415_150236.jpg,1907,1213,2105,1366,6,0.2516865134239197,3024,3024
20200415_150236.jpg,/local/tmp.11651167/TrainYourOwnYOLO/Data/Source_Images/Test_Images/20200415_150236.jpg,1882,443,2091,613,6,0.35147538781166077,3024,3024
20200415_150236.jpg,/local/tmp.11651167/TrainYourOwnYOLO/Data/Source_Images/Test_Images/20200415_150236.jpg,2361,436,2659,532,5,0.26502105593681335,3024,3024
20200415_150236.jpg,/local/tmp.11651167/TrainYourOwnYOLO/Data/Source_Images/Test_Images/20200415_150236.jpg,2352,760,2631,843,5,0.29634425044059753,3024,3024
20200415_150236.jpg,/local/tmp.11651167/TrainYourOwnYOLO/Data/Source_Images/Test_Images/20200415_150236.jpg,2384,2428,2596,2654,4,0.600644588470459,3024,3024
20200415_150236.jpg,/local/tmp.11651167/TrainYourOwnYOLO/Data/Source_Images/Test_Images/20200415_150236.jpg,1912,2101,2081,2375,3,0.28790193796157837,3024,3024
20200415_150236.jpg,/local/tmp.11651167/TrainYourOwnYOLO/Data/Source_Images/Test_Images/20200415_150236.jpg,2384,2428,2596,2654,3,0.34175705909729004,3024,3024
20200415_150236.jpg,/local/tmp.11651167/TrainYourOwnYOLO/Data/Source_Images/Test_Images/20200415_150236.jpg,1882,443,2091,613,3,0.35166478157043457,3024,3024
20200415_150236.jpg,/local/tmp.11651167/TrainYourOwnYOLO/Data/Source_Images/Test_Images/20200415_150236.jpg,1893,775,2083,955,3,0.36807018518447876,3024,3024
20200415_150236.jpg,/local/tmp.11651167/TrainYourOwnYOLO/Data/Source_Images/Test_Images/20200415_150236.jpg,1907,1213,2105,1366,3,0.37818780541419983,3024,3024
20200415_150236.jpg,/local/tmp.11651167/TrainYourOwnYOLO/Data/Source_Images/Test_Images/20200415_150236.jpg,1891,1570,2126,1751,3,0.39058277010917664,3024,3024
IMG_20200331_123256.jpg,/local/tmp.11651167/TrainYourOwnYOLO/Data/Source_Images/Test_Images/IMG_20200331_123256.jpg,693,526,825,655,19,0.5558729767799377,1600,1200
IMG_20200331_123256.jpg,/local/tmp.11651167/TrainYourOwnYOLO/Data/Source_Images/Test_Images/IMG_20200331_123256.jpg,1118,524,1209,808,18,0.9190037250518799,1600,1200
IMG_20200331_123256.jpg,/local/tmp.11651167/TrainYourOwnYOLO/Data/Source_Images/Test_Images/IMG_20200331_123256.jpg,631,466,859,524,18,0.9266256093978882,1600,1200
IMG_20200331_123256.jpg,/local/tmp.11651167/TrainYourOwnYOLO/Data/Source_Images/Test_Images/IMG_20200331_123256.jpg,313,499,407,840,18,0.9469279646873474,1600,1200
IMG_20200331_123256.jpg,/local/tmp.11651167/TrainYourOwnYOLO/Data/Source_Images/Test_Images/IMG_20200331_123256.jpg,495,737,610,840,16,0.4264759123325348,1600,1200
IMG_20200331_123256.jpg,/local/tmp.11651167/TrainYourOwnYOLO/Data/Source_Images/Test_Images/IMG_20200331_123256.jpg,712,717,824,809,16,0.4932204782962799,1600,1200
IMG_20200331_123256.jpg,/local/tmp.11651167/TrainYourOwnYOLO/Data/Source_Images/Test_Images/IMG_20200331_123256.jpg,935,716,1062,812,16,0.5313355922698975,1600,1200
IMG_20200331_123256.jpg,/local/tmp.11651167/TrainYourOwnYOLO/Data/Source_Images/Test_Images/IMG_20200331_123256.jpg,499,456,559,661,12,0.9349396824836731,1600,1200
IMG_20200331_123256.jpg,/local/tmp.11651167/TrainYourOwnYOLO/Data/Source_Images/Test_Images/IMG_20200331_123256.jpg,712,717,824,809,11,0.47189533710479736,1600,1200
IMG_20200331_123256.jpg,/local/tmp.11651167/TrainYourOwnYOLO/Data/Source_Images/Test_Images/IMG_20200331_123256.jpg,499,728,629,836,11,0.5297597646713257,1600,1200
IMG_20200331_123256.jpg,/local/tmp.11651167/TrainYourOwnYOLO/Data/Source_Images/Test_Images/IMG_20200331_123256.jpg,935,716,1062,812,11,0.5380222797393799,1600,1200
IMG_20200331_123256.jpg,/local/tmp.11651167/TrainYourOwnYOLO/Data/Source_Images/Test_Images/IMG_20200331_123256.jpg,712,717,824,809,8,0.4288744628429413,1600,1200
IMG_20200331_123256.jpg,/local/tmp.11651167/TrainYourOwnYOLO/Data/Source_Images/Test_Images/IMG_20200331_123256.jpg,956,718,1076,817,8,0.48940718173980713,1600,1200
IMG_20200331_123256.jpg,/local/tmp.11651167/TrainYourOwnYOLO/Data/Source_Images/Test_Images/IMG_20200331_123256.jpg,488,733,634,839,8,0.5286892056465149,1600,1200
IMG_20200331_123256.jpg,/local/tmp.11651167/TrainYourOwnYOLO/Data/Source_Images/Test_Images/IMG_20200331_123256.jpg,972,414,1030,648,7,0.6875860691070557,1600,1200
IMG_20200331_123256.jpg,/local/tmp.11651167/TrainYourOwnYOLO/Data/Source_Images/Test_Images/IMG_20200331_123256.jpg,935,716,1062,812,3,0.5079428553581238,1600,1200
IMG_20200331_123256.jpg,/local/tmp.11651167/TrainYourOwnYOLO/Data/Source_Images/Test_Images/IMG_20200331_123256.jpg,488,733,634,839,3,0.5308723449707031,1600,1200
IMG_20200331_123256.jpg,/local/tmp.11651167/TrainYourOwnYOLO/Data/Source_Images/Test_Images/IMG_20200331_123256.jpg,707,710,842,810,3,0.5601995587348938,1600,1200
IMG_20200331_123256.jpg,/local/tmp.11651167/TrainYourOwnYOLO/Data/Source_Images/Test_Images/IMG_20200331_123256.jpg,391,644,1110,719,2,0.9833751320838928,1600,1200
IMG_20200331_123307.jpg,/local/tmp.11651167/TrainYourOwnYOLO/Data/Source_Images/Test_Images/IMG_20200331_123307.jpg,720,185,833,944,20,0.9413579106330872,1600,1200
IMG_20200331_123307.jpg,/local/tmp.11651167/TrainYourOwnYOLO/Data/Source_Images/Test_Images/IMG_20200331_123307.jpg,661,932,888,1160,19,0.9859163165092468,1600,1200
IMG_20200331_123307.jpg,/local/tmp.11651167/TrainYourOwnYOLO/Data/Source_Images/Test_Images/IMG_20200331_123307.jpg,547,90,973,195,18,0.9564624428749084,1600,1200
IMG_20200331_123307.jpg,/local/tmp.11651167/TrainYourOwnYOLO/Data/Source_Images/Test_Images/IMG_20200331_123307.jpg,574,769,692,951,17,0.3620079755783081,1600,1200
IMG_20200331_123307.jpg,/local/tmp.11651167/TrainYourOwnYOLO/Data/Source_Images/Test_Images/IMG_20200331_123307.jpg,861,239,956,392,17,0.3969719409942627,1600,1200
IMG_20200331_123307.jpg,/local/tmp.11651167/TrainYourOwnYOLO/Data/Source_Images/Test_Images/IMG_20200331_123307.jpg,864,780,972,943,17,0.4296026825904846,1600,1200
IMG_20200331_123307.jpg,/local/tmp.11651167/TrainYourOwnYOLO/Data/Source_Images/Test_Images/IMG_20200331_123307.jpg,847,475,978,639,13,0.6237031817436218,1600,1200
IMG_20200331_123307.jpg,/local/tmp.11651167/TrainYourOwnYOLO/Data/Source_Images/Test_Images/IMG_20200331_123307.jpg,474,426,745,516,10,0.28706979751586914,1600,1200
IMG_20200331_123307.jpg,/local/tmp.11651167/TrainYourOwnYOLO/Data/Source_Images/Test_Images/IMG_20200331_123307.jpg,482,243,755,311,10,0.3767203092575073,1600,1200
IMG_20200331_123307.jpg,/local/tmp.11651167/TrainYourOwnYOLO/Data/Source_Images/Test_Images/IMG_20200331_123307.jpg,864,780,972,943,9,0.3709234297275543,1600,1200
IMG_20200331_123307.jpg,/local/tmp.11651167/TrainYourOwnYOLO/Data/Source_Images/Test_Images/IMG_20200331_123307.jpg,574,769,692,951,9,0.4930143356323242,1600,1200
IMG_20200331_123307.jpg,/local/tmp.11651167/TrainYourOwnYOLO/Data/Source_Images/Test_Images/IMG_20200331_123307.jpg,844,245,967,395,8,0.3121132552623749,1600,1200
IMG_20200331_123307.jpg,/local/tmp.11651167/TrainYourOwnYOLO/Data/Source_Images/Test_Images/IMG_20200331_123307.jpg,847,475,978,639,8,0.3694276213645935,1600,1200
IMG_20200331_123307.jpg,/local/tmp.11651167/TrainYourOwnYOLO/Data/Source_Images/Test_Images/IMG_20200331_123307.jpg,864,780,972,943,8,0.3786926567554474,1600,1200
IMG_20200331_123307.jpg,/local/tmp.11651167/TrainYourOwnYOLO/Data/Source_Images/Test_Images/IMG_20200331_123307.jpg,574,769,692,951,8,0.5009068846702576,1600,1200
IMG_20200331_123307.jpg,/local/tmp.11651167/TrainYourOwnYOLO/Data/Source_Images/Test_Images/IMG_20200331_123307.jpg,453,610,736,678,5,0.46449393033981323,1600,1200
IMG_20200331_123307.jpg,/local/tmp.11651167/TrainYourOwnYOLO/Data/Source_Images/Test_Images/IMG_20200331_123307.jpg,474,426,745,516,5,0.5246139764785767,1600,1200
IMG_20200331_123307.jpg,/local/tmp.11651167/TrainYourOwnYOLO/Data/Source_Images/Test_Images/IMG_20200331_123307.jpg,482,243,755,311,5,0.5923187732696533,1600,1200
IMG_20200331_123307.jpg,/local/tmp.11651167/TrainYourOwnYOLO/Data/Source_Images/Test_Images/IMG_20200331_123307.jpg,847,475,978,639,4,0.5828710198402405,1600,1200
IMG_20200331_123307.jpg,/local/tmp.11651167/TrainYourOwnYOLO/Data/Source_Images/Test_Images/IMG_20200331_123307.jpg,574,769,692,951,3,0.4123654365539551,1600,1200
IMG_20200331_123307.jpg,/local/tmp.11651167/TrainYourOwnYOLO/Data/Source_Images/Test_Images/IMG_20200331_123307.jpg,847,475,978,639,3,0.5151895880699158,1600,1200
IMG_20200331_123307.jpg,/local/tmp.11651167/TrainYourOwnYOLO/Data/Source_Images/Test_Images/IMG_20200331_123307.jpg,864,780,972,943,3,0.516228199005127,1600,1200
IMG_20200331_123258.jpg,/local/tmp.11651167/TrainYourOwnYOLO/Data/Source_Images/Test_Images/IMG_20200331_123258.jpg,365,485,470,921,18,0.9619595408439636,1600,1200
IMG_20200331_123258.jpg,/local/tmp.11651167/TrainYourOwnYOLO/Data/Source_Images/Test_Images/IMG_20200331_123258.jpg,534,744,671,860,16,0.37805235385894775,1600,1200
IMG_20200331_123258.jpg,/local/tmp.11651167/TrainYourOwnYOLO/Data/Source_Images/Test_Images/IMG_20200331_123258.jpg,995,727,1150,844,16,0.4414287805557251,1600,1200
IMG_20200331_123258.jpg,/local/tmp.11651167/TrainYourOwnYOLO/Data/Source_Images/Test_Images/IMG_20200331_123258.jpg,720,732,874,854,16,0.617203414440155,1600,1200
IMG_20200331_123258.jpg,/local/tmp.11651167/TrainYourOwnYOLO/Data/Source_Images/Test_Images/IMG_20200331_123258.jpg,1002,512,1142,643,14,0.941612720489502,1600,1200
IMG_20200331_123258.jpg,/local/tmp.11651167/TrainYourOwnYOLO/Data/Source_Images/Test_Images/IMG_20200331_123258.jpg,836,456,903,643,12,0.9472427368164062,1600,1200
IMG_20200331_123258.jpg,/local/tmp.11651167/TrainYourOwnYOLO/Data/Source_Images/Test_Images/IMG_20200331_123258.jpg,534,744,671,860,11,0.4073261320590973,1600,1200
IMG_20200331_123258.jpg,/local/tmp.11651167/TrainYourOwnYOLO/Data/Source_Images/Test_Images/IMG_20200331_123258.jpg,724,741,879,855,11,0.5045561790466309,1600,1200
IMG_20200331_123258.jpg,/local/tmp.11651167/TrainYourOwnYOLO/Data/Source_Images/Test_Images/IMG_20200331_123258.jpg,1008,739,1151,835,11,0.508929967880249,1600,1200
IMG_20200331_123258.jpg,/local/tmp.11651167/TrainYourOwnYOLO/Data/Source_Images/Test_Images/IMG_20200331_123258.jpg,534,744,671,860,8,0.3950878083705902,1600,1200
IMG_20200331_123258.jpg,/local/tmp.11651167/TrainYourOwnYOLO/Data/Source_Images/Test_Images/IMG_20200331_123258.jpg,995,727,1150,844,8,0.5790522694587708,1600,1200
IMG_20200331_123258.jpg,/local/tmp.11651167/TrainYourOwnYOLO/Data/Source_Images/Test_Images/IMG_20200331_123258.jpg,720,732,874,854,8,0.6259822249412537,1600,1200
IMG_20200331_123258.jpg,/local/tmp.11651167/TrainYourOwnYOLO/Data/Source_Images/Test_Images/IMG_20200331_123258.jpg,636,454,705,658,7,0.8324907422065735,1600,1200
IMG_20200331_123258.jpg,/local/tmp.11651167/TrainYourOwnYOLO/Data/Source_Images/Test_Images/IMG_20200331_123258.jpg,534,744,671,860,3,0.5540871620178223,1600,1200
IMG_20200331_123258.jpg,/local/tmp.11651167/TrainYourOwnYOLO/Data/Source_Images/Test_Images/IMG_20200331_123258.jpg,720,732,874,854,3,0.5876057147979736,1600,1200
IMG_20200331_123258.jpg,/local/tmp.11651167/TrainYourOwnYOLO/Data/Source_Images/Test_Images/IMG_20200331_123258.jpg,991,730,1150,835,3,0.6111127734184265,1600,1200
IMG_20200331_123258.jpg,/local/tmp.11651167/TrainYourOwnYOLO/Data/Source_Images/Test_Images/IMG_20200331_123258.jpg,455,642,1090,728,2,0.9850749373435974,1600,1200
